0,Tue Feb  5 15:59:27 20191,DIST,4,AN0,C295,0,0,2,7.09,AN1,4897,15,-1,2,10.03,AN2,5C15,-1,15,2,13.37,AN3,07A7,31,15,2,27.39,POS,5.73,3.58,1.58,100,DIST,2,AN0,C295,0,0,2,6.97,AN1,4897,15,-1,2,9.71,,,,,,,,,,,,,,,,,
1,Tue Feb  5 15:59:27 20192,DIST,3,AN0,C295,0,0,2,7.13,AN1,5C15,-1,15,2,13.42,AN2,07A7,31,15,2,27.49,POS,5.8,3.59,1.37,50,,,,,,,DIST,2,AN0,C295,0,0,2,6.98,AN1,4897,15,-1,2,9.72,,,,,,,,,,,,,,,,,
2,Tue Feb  5 15:59:27 20193,DIST,3,AN0,C295,0,0,2,7.2,AN1,5C15,-1,15,2,13.5,AN2,07A7,31,15,2,27.35,POS,5.89,3.59,1.28,50,,,,,,,DIST,2,AN0,C295,0,0,2,6.98,AN1,4897,15,-1,2,9.74,,,,,,,,,,,,,,,,,
3,Tue Feb  5 15:59:27 20194,DIST,4,AN0,C295,0,0,2,7.17,AN1,5C15,-1,15,2,13.71,AN2,D814,0,30,2,27.46,AN3,07A7,31,15,2,27.23,POS,6.01,3.55,1.28,90,DIST,2,AN0,C295,0,0,2,7.01,AN1,4897,15,-1,2,9.72,,,,,,,,,,,,,,,,,
4,Tue Feb  5 15:59:27 20195,DIST,4,AN0,C295,0,0,2,7.43,AN1,4897,15,-1,2,9.54,AN2,5C15,-1,15,2,13.42,AN3,07A7,31,15,2,27.15,POS,6.16,3.61,1.04,76,DIST,3,AN0,C295,0,0,2,6.96,AN1,4897,15,-1,2,9.68,AN2,5C15,-1,15,2,13.89,POS,6.24,2.82,0.73,50,,,,,,
5,Tue Feb  5 15:59:27 20196,DIST,4,AN0,C295,0,0,2,7.52,AN1,4897,15,-1,2,9.78,AN2,5C15,-1,15,2,13.58,AN3,07A7,31,15,2,27.07,POS,6.23,3.63,0.98,100,DIST,3,AN0,C295,0,0,2,6.93,AN1,4897,15,-1,2,9.64,AN2,5C15,-1,15,2,13.91,POS,6.24,2.89,0.86,50,,,,,,
6,Tue Feb  5 15:59:27 20197,DIST,4,AN0,C295,0,0,2,7.5,AN1,4897,15,-1,2,9.6,AN2,5C15,-1,15,2,13.63,AN3,07A7,31,15,2,27.07,POS,6.29,3.61,0.94,95,DIST,3,AN0,C295,0,0,2,6.93,AN1,4897,15,-1,2,9.55,AN2,5C15,-1,15,2,13.9,POS,6.25,2.95,0.85,50,,,,,,
7,Tue Feb  5 15:59:27 20198,DIST,4,AN0,C295,0,0,2,7.52,AN1,4897,15,-1,2,9.61,AN2,5C15,-1,15,2,13.66,AN3,07A7,31,15,2,27.04,POS,6.34,3.59,1,92,DIST,3,AN0,C295,0,0,2,7.05,AN1,4897,15,-1,2,9.5,AN2,5C15,-1,15,2,13.89,POS,6.29,3.01,0.86,50,,,,,,
8,Tue Feb  5 15:59:27 20199,DIST,3,AN0,C295,0,0,2,7.58,AN1,4897,15,-1,2,9.71,AN2,5C15,-1,15,2,13.74,POS,6.39,3.59,0.92,50,,,,,,,DIST,3,AN0,C295,0,0,2,7.25,AN1,4897,15,-1,2,9.34,AN2,5C15,-1,15,2,14.06,POS,6.36,3.04,0.95,50,,,,,,
9,Tue Feb  5 15:59:27 201910,DIST,2,AN0,C295,0,0,2,7.56,AN1,5C15,-1,15,2,13.8,,,,,,,,,,,,,,,,,,DIST,3,AN0,C295,0,0,2,7.43,AN1,4897,15,-1,2,9.14,AN2,5C15,-1,15,2,14.21,POS,6.47,3.05,1.03,50,,,,,,
10,Tue Feb  5 15:59:28 20191,DIST,3,AN0,C295,0,0,2,7.55,AN1,5C15,-1,15,2,13.77,AN2,17AF,30,30,2,35.9,POS,6.28,3.57,1.95,50,,,,,,,DIST,2,AN0,C295,0,0,2,7.53,AN1,4897,15,-1,2,8.98,,,,,,,,,,,,,,,,,
11,Tue Feb  5 15:59:28 20192,DIST,4,AN0,C295,0,0,2,8,AN1,5C15,-1,15,2,13.76,AN2,D814,0,30,2,27.53,AN3,17AF,30,30,2,35.84,POS,6.19,3.62,2.93,66,DIST,2,AN0,C295,0,0,2,8.25,AN1,4897,15,-1,2,8.87,,,,,,,,,,,,,,,,,
12,Tue Feb  5 15:59:28 20193,DIST,4,AN0,C295,0,0,2,7.88,AN1,5C15,-1,15,2,13.83,AN2,D814,0,30,2,27.59,AN3,07A7,31,15,2,26.76,POS,6.34,3.63,2.32,64,DIST,2,AN0,C295,0,0,2,8.29,AN1,4897,15,-1,2,8.84,,,,,,,,,,,,,,,,,
13,Tue Feb  5 15:59:28 20194,DIST,3,AN0,C295,0,0,2,8.26,AN1,5C15,-1,15,2,13.99,AN2,07A7,31,15,2,26.51,POS,6.53,3.66,1.73,50,,,,,,,DIST,2,AN0,C295,0,0,2,8.07,AN1,4897,15,-1,2,8.71,,,,,,,,,,,,,,,,,
14,Tue Feb  5 15:59:28 20195,DIST,3,AN0,C295,0,0,2,8.35,AN1,5C15,-1,15,2,14.24,AN2,07A7,31,15,2,26.21,POS,6.75,3.64,1.49,50,,,,,,,DIST,2,AN0,C295,0,0,2,8.01,AN1,4897,15,-1,2,8.71,,,,,,,,,,,,,,,,,
15,Tue Feb  5 15:59:28 20196,DIST,4,AN0,C295,0,0,2,8.62,AN1,4897,15,-1,2,8.42,AN2,5C15,-1,15,2,14.31,AN3,07A7,31,15,2,25.98,POS,6.98,3.6,1.18,97,DIST,2,AN0,C295,0,0,2,7.96,AN1,4897,15,-1,2,8.7,,,,,,,,,,,,,,,,,
16,Tue Feb  5 15:59:28 20197,DIST,4,AN0,C295,0,0,2,8.76,AN1,4897,15,-1,2,8.2,AN2,5C15,-1,15,2,14.42,AN3,07A7,31,15,2,25.81,POS,7.19,3.56,0.9,100,DIST,3,AN0,C295,0,0,2,7.99,AN1,4897,15,-1,2,8.61,AN2,5C15,-1,15,2,14.46,POS,6.71,3.08,1.01,50,,,,,,
17,Tue Feb  5 15:59:28 20198,DIST,4,AN0,C295,0,0,2,8.79,AN1,4897,15,-1,2,8.14,AN2,5C15,-1,15,2,14.43,AN3,07A7,31,15,2,25.74,POS,7.37,3.54,0.67,100,DIST,3,AN0,C295,0,0,2,8.03,AN1,4897,15,-1,2,8.51,AN2,5C15,-1,15,2,14.49,POS,6.9,3.11,0.94,50,,,,,,
18,Tue Feb  5 15:59:28 20199,DIST,2,AN0,C295,0,0,2,8.96,AN1,5C15,-1,15,2,14.59,,,,,,,,,,,,,,,,,,DIST,3,AN0,C295,0,0,2,8.17,AN1,4897,15,-1,2,8.31,AN2,5C15,-1,15,2,14.58,POS,7.09,3.13,0.84,50,,,,,,
19,Tue Feb  5 15:59:28 201910,DIST,2,AN0,C295,0,0,2,8.93,AN1,5C15,-1,15,2,14.61,,,,,,,,,,,,,,,,,,DIST,2,AN0,C295,0,0,2,8.39,AN1,4897,15,-1,2,8.15,,,,,,,,,,,,,,,,,
20,Tue Feb  5 15:59:29 20191,DIST,3,AN0,C295,0,0,2,8.94,AN1,5C15,-1,15,2,14.58,AN2,D814,0,30,2,27.97,POS,6.21,3.48,2.97,50,,,,,,,DIST,2,AN0,C295,0,0,2,8.94,AN1,4897,15,-1,2,7.55,,,,,,,,,,,,,,,,,
21,Tue Feb  5 15:59:29 20192,DIST,3,AN0,C295,0,0,2,9.56,AN1,5C15,-1,15,2,14.71,AN2,07A7,31,15,2,25.42,POS,6.73,3.59,2.04,50,,,,,,,DIST,3,AN0,C295,0,0,2,9.18,AN1,4897,15,-1,2,7.6,AN2,15B8,30,0,2,21.68,POS,7.46,2.92,0.54,50,,,,,,
22,Tue Feb  5 15:59:29 20193,DIST,3,AN0,C295,0,0,2,9.52,AN1,5C15,-1,15,2,14.87,AN2,07A7,31,15,2,25.2,POS,7.18,3.63,1.54,50,,,,,,,DIST,2,AN0,C295,0,0,2,9.71,AN1,4897,15,-1,2,7.36,,,,,,,,,,,,,,,,,
23,Tue Feb  5 15:59:29 20194,DIST,4,AN0,C295,0,0,2,9.92,AN1,4897,15,-1,2,7.48,AN2,5C15,-1,15,2,15.15,AN3,07A7,31,15,2,24.54,POS,7.68,3.67,1.49,99,DIST,3,AN0,C295,0,0,2,9.49,AN1,4897,15,-1,2,7.27,AN2,07A7,31,15,2,25.24,POS,7.83,2.89,0.55,50,,,,,,
24,Tue Feb  5 15:59:29 20195,DIST,4,AN0,C295,0,0,2,10.17,AN1,4897,15,-1,2,7.13,AN2,5C15,-1,15,2,15.43,AN3,07A7,31,15,2,24.44,POS,8.11,3.63,1.34,92,DIST,4,AN0,C295,0,0,2,9.46,AN1,4897,15,-1,2,7.39,AN2,5C15,-1,15,2,15.36,AN3,07A7,31,15,2,25.28,POS,8.05,2.92,0.62,83
25,Tue Feb  5 15:59:29 20196,DIST,4,AN0,C295,0,0,2,10.35,AN1,4897,15,-1,2,6.91,AN2,5C15,-1,15,2,15.57,AN3,07A7,31,15,2,24.28,POS,8.48,3.6,1.16,94,DIST,3,AN0,C295,0,0,2,9.52,AN1,4897,15,-1,2,7.13,AN2,5C15,-1,15,2,15.37,POS,8.31,3.01,0.57,50,,,,,,
26,Tue Feb  5 15:59:29 20197,DIST,4,AN0,C295,0,0,2,10.52,AN1,4897,15,-1,2,6.76,AN2,5C15,-1,15,2,15.63,AN3,07A7,31,15,2,24.29,POS,8.76,3.55,0.95,80,DIST,3,AN0,C295,0,0,2,9.72,AN1,4897,15,-1,2,6.81,AN2,5C15,-1,15,2,15.69,POS,8.57,3.04,0.53,50,,,,,,
27,Tue Feb  5 15:59:29 20198,DIST,3,AN0,C295,0,0,2,10.5,AN1,4897,15,-1,2,6.77,AN2,5C15,-1,15,2,15.63,POS,9.05,3.59,0.85,50,,,,,,,DIST,3,AN0,C295,0,0,2,10.04,AN1,4897,15,-1,2,6.44,AN2,5C15,-1,15,2,15.94,POS,8.85,3.05,0.46,50,,,,,,
28,Tue Feb  5 15:59:29 20199,DIST,4,AN0,C295,0,0,2,10.64,AN1,4897,15,-1,2,6.68,AN2,5C15,-1,15,2,15.66,AN3,07A7,31,15,2,24.17,POS,9.21,3.55,0.69,81,DIST,3,AN0,C295,0,0,2,10.65,AN1,4897,15,-1,2,6.44,AN2,15B8,30,0,2,20.13,POS,9.17,3.04,0.52,50,,,,,,
29,Tue Feb  5 15:59:29 201910,DIST,3,AN0,C295,0,0,2,10.91,AN1,5C15,-1,15,2,15.87,AN2,07A7,31,15,2,23.87,POS,9.42,3.61,0.52,50,,,,,,,DIST,3,AN0,C295,0,0,2,11.01,AN1,4897,15,-1,2,6.13,AN2,15B8,30,0,2,19.94,POS,9.48,2.55,1.76,50,,,,,,
30,Tue Feb  5 15:59:30 20191,DIST,3,AN0,C295,0,0,2,11.26,AN1,4897,15,-1,2,6.46,AN2,5C15,-1,15,2,16.45,POS,9.72,3.57,0.49,50,,,,,,,DIST,2,AN0,C295,0,0,2,11.04,AN1,4897,15,-1,2,5.97,,,,,,,,,,,,,,,,,
31,Tue Feb  5 15:59:30 20192,DIST,4,AN0,C295,0,0,2,11.68,AN1,4897,15,-1,2,6.17,AN2,5C15,-1,15,2,16.43,AN3,07A7,31,15,2,23.21,POS,9.99,3.57,0.73,70,DIST,3,AN0,C295,0,0,2,11.55,AN1,4897,15,-1,2,5.73,AN2,07A7,31,15,2,23.6,POS,9.87,2.56,1.29,50,,,,,,
32,Tue Feb  5 15:59:30 20193,DIST,4,AN0,C295,0,0,2,11.89,AN1,4897,15,-1,2,5.67,AN2,5C15,-1,15,2,16.7,AN3,07A7,31,15,2,22.77,POS,10.3,3.56,0.65,100,DIST,4,AN0,C295,0,0,2,11.2,AN1,4897,15,-1,2,6.01,AN2,5C15,-1,15,2,16.58,AN3,07A7,31,15,2,23.64,POS,10.05,2.69,1.31,83
33,Tue Feb  5 15:59:30 20194,DIST,4,AN0,C295,0,0,2,12.11,AN1,4897,15,-1,2,5.53,AN2,5C15,-1,15,2,16.79,AN3,07A7,31,15,2,22.72,,,,,,DIST,3,AN0,C295,0,0,2,11.25,AN1,4897,15,-1,2,5.6,AN2,5C15,-1,15,2,16.61,,,,,,,,,,,
34,Tue Feb  5 15:59:30 20195,DIST,3,AN0,C295,0,0,2,12.31,AN1,4897,15,-1,2,5.49,AN2,5C15,-1,15,2,16.98,POS,10.69,3.61,0.59,50,,,,,,,DIST,3,AN0,C295,0,0,2,11.52,AN1,4897,15,-1,2,5.38,AN2,5C15,-1,15,2,16.81,,,,,,,,,,,
35,Tue Feb  5 15:59:30 20196,DIST,3,AN0,C295,0,0,2,12.43,AN1,4897,15,-1,2,5.54,AN2,5C15,-1,15,2,16.95,POS,11,3.68,0.52,50,,,,,,,DIST,2,AN0,C295,0,0,2,11.87,AN1,4897,15,-1,2,5.15,,,,,,,,,,,,,,,,,
36,Tue Feb  5 15:59:30 20197,DIST,4,AN0,C295,0,0,2,12.49,AN1,4897,15,-1,2,5.32,AN2,5C15,-1,15,2,17.06,AN3,07A7,31,15,2,22.46,POS,11.16,3.63,0.49,78,DIST,2,AN0,C295,0,0,2,12.53,AN1,4897,15,-1,2,5.26,,,,,,,,,,,,,,,,,
37,Tue Feb  5 15:59:30 20198,DIST,3,AN0,C295,0,0,2,12.75,AN1,4897,15,-1,2,5.24,AN2,5C15,-1,15,2,17.23,,,,,,,,,,,,DIST,3,AN0,C295,0,0,2,13.04,AN1,4897,15,-1,2,4.65,AN2,5C15,-1,15,2,17.87,,,,,,,,,,,
38,Tue Feb  5 15:59:30 20199,DIST,4,AN0,C295,0,0,2,13.2,AN1,4897,15,-1,2,5.05,AN2,5C15,-1,15,2,17.74,AN3,07A7,31,15,2,22.13,POS,11.44,3.53,0.79,0,DIST,3,AN0,C295,0,0,2,12.95,AN1,4897,15,-1,2,4.56,AN2,5C15,-1,15,2,17.97,,,,,,,,,,,
39,Tue Feb  5 15:59:30 201910,DIST,4,AN0,C295,0,0,2,13.55,AN1,4897,15,-1,2,4.75,AN2,5C15,-1,15,2,17.93,AN3,07A7,31,15,2,21.38,POS,11.86,3.47,0.9,100,DIST,4,AN0,C295,0,0,2,13.48,AN1,4897,15,-1,2,4.81,AN2,5C15,-1,15,2,17.9,AN3,07A7,31,15,2,22.03,POS,10.64,2.8,1.29,0
40,Tue Feb  5 15:59:31 20191,DIST,4,AN0,C295,0,0,2,13.8,AN1,4897,15,-1,2,4.54,AN2,5C15,-1,15,2,18.2,AN3,07A7,31,15,2,21.19,POS,12.25,3.4,1.01,100,DIST,3,AN0,C295,0,0,2,13.03,AN1,4897,15,-1,2,4.53,AN2,5C15,-1,15,2,17.92,,,,,,,,,,,
41,Tue Feb  5 15:59:31 20192,DIST,4,AN0,C295,0,0,2,13.96,AN1,4897,15,-1,2,4.3,AN2,5C15,-1,15,2,18.26,AN3,07A7,31,15,2,21.12,,,,,,DIST,3,AN0,C295,0,0,2,13.2,AN1,4897,15,-1,2,4.23,AN2,5C15,-1,15,2,18.06,,,,,,,,,,,
42,Tue Feb  5 15:59:31 20193,DIST,3,AN0,C295,0,0,2,13.99,AN1,4897,15,-1,2,4.46,AN2,5C15,-1,15,2,18.53,,,,,,,,,,,,DIST,2,AN0,C295,0,0,2,13.55,AN1,4897,15,-1,2,4.13,,,,,,,,,,,,,,,,,
43,Tue Feb  5 15:59:31 20194,DIST,4,AN0,C295,0,0,2,14.19,AN1,4897,15,-1,2,4.07,AN2,5C15,-1,15,2,18.6,AN3,07A7,31,15,2,20.98,,,,,,DIST,3,AN0,C295,0,0,2,13.87,AN1,4897,15,-1,2,3.96,AN2,5C15,-1,15,2,18.68,,,,,,,,,,,
44,Tue Feb  5 15:59:31 20195,DIST,4,AN0,C295,0,0,2,14.32,AN1,4897,15,-1,2,4.2,AN2,5C15,-1,15,2,18.64,AN3,07A7,31,15,2,20.87,,,,,,DIST,3,AN0,C295,0,0,2,14.31,AN1,4897,15,-1,2,3.74,AN2,07A7,31,15,2,20.97,POS,11.5,2.76,1.42,50,,,,,,
45,Tue Feb  5 15:59:31 20196,DIST,4,AN0,C295,0,0,2,14.43,AN1,4897,15,-1,2,4.22,AN2,5C15,-1,15,2,18.63,AN3,07A7,31,15,2,20.79,,,,,,DIST,3,AN0,C295,0,0,2,14.68,AN1,4897,15,-1,2,3.72,AN2,07A7,31,15,2,20.76,POS,12.23,2.7,1.31,50,,,,,,
46,Tue Feb  5 15:59:31 20197,DIST,4,AN0,C295,0,0,2,14.79,AN1,4897,15,-1,2,4.06,AN2,5C15,-1,15,2,19,AN3,07A7,31,15,2,20.49,,,,,,DIST,3,AN0,C295,0,0,2,15.01,AN1,4897,15,-1,2,3.64,AN2,15B8,30,0,2,15.82,POS,12.82,1.96,2.37,50,,,,,,
47,Tue Feb  5 15:59:31 20198,DIST,4,AN0,C295,0,0,2,15.04,AN1,4897,15,-1,2,4.24,AN2,5C15,-1,15,2,19.2,AN3,07A7,31,15,2,20.25,POS,12.77,3.4,0.93,77,DIST,4,AN0,C295,0,0,2,14.97,AN1,4897,15,-1,2,3.66,AN2,07A7,31,15,2,20.68,AN3,15B8,30,0,2,15.87,POS,13.29,2.06,1.91,67
48,Tue Feb  5 15:59:31 20199,DIST,3,AN0,C295,0,0,2,15.07,AN1,4897,15,-1,2,4.02,AN2,5C15,-1,15,2,19.34,,,,,,,,,,,,DIST,3,AN0,C295,0,0,2,14.78,AN1,4897,15,-1,2,3.62,AN2,07A7,31,15,2,20.68,POS,13.6,2.17,1.73,50,,,,,,
49,Tue Feb  5 15:59:31 201910,DIST,3,AN0,C295,0,0,2,15.18,AN1,4897,15,-1,2,4.23,AN2,5C15,-1,15,2,19.4,,,,,,,,,,,,DIST,3,AN0,C295,0,0,2,15.02,AN1,4897,15,-1,2,3.6,AN2,07A7,31,15,2,20.48,POS,13.9,2.25,1.6,50,,,,,,
50,Tue Feb  5 15:59:32 20191,DIST,3,AN0,C295,0,0,2,15.18,AN1,4897,15,-1,2,3.82,AN2,5C15,-1,15,2,19.38,,,,,,,,,,,,DIST,2,AN0,C295,0,0,2,15.12,AN1,4897,15,-1,2,3.47,,,,,,,,,,,,,,,,,
51,Tue Feb  5 15:59:32 20192,DIST,3,AN0,C295,0,0,2,15.22,AN1,4897,15,-1,2,3.83,AN2,5C15,-1,15,2,19.45,,,,,,,,,,,,DIST,3,AN0,4897,15,-1,2,3.7,AN1,07A7,31,15,2,19.93,AN2,15B8,30,0,2,15.28,,,,,,,,,,,
52,Tue Feb  5 15:59:32 20193,DIST,3,AN0,C295,0,0,2,15.27,AN1,4897,15,-1,2,3.83,AN2,5C15,-1,15,2,19.48,,,,,,,,,,,,DIST,3,AN0,4897,15,-1,2,3.83,AN1,07A7,31,15,2,19.77,AN2,15B8,30,0,2,15.31,,,,,,,,,,,
53,Tue Feb  5 15:59:32 20194,DIST,3,AN0,C295,0,0,2,15.34,AN1,4897,15,-1,2,3.99,AN2,5C15,-1,15,2,19.31,,,,,,,,,,,,DIST,4,AN0,4897,15,-1,2,4,AN1,17AF,30,30,2,30.84,AN2,07A7,31,15,2,19.57,AN3,15B8,30,0,2,15.28,POS,14.18,2.45,1.57,100
54,Tue Feb  5 15:59:32 20195,DIST,3,AN0,C295,0,0,2,15.41,AN1,4897,15,-1,2,4.27,AN2,5C15,-1,15,2,19.19,,,,,,,,,,,,DIST,4,AN0,4897,15,-1,2,4.03,AN1,17AF,30,30,2,30.78,AN2,07A7,31,15,2,19.7,AN3,15B8,30,0,2,14.77,POS,14.52,2.55,1.41,99
55,Tue Feb  5 15:59:32 20196,DIST,4,AN0,C295,0,0,2,15.55,AN1,4897,15,-1,2,4.44,AN2,5C15,-1,15,2,19.14,AN3,D814,0,30,2,30.13,POS,13.16,3.42,0.98,0,DIST,4,AN0,4897,15,-1,2,3.98,AN1,17AF,30,30,2,30.77,AN2,07A7,31,15,2,19.69,AN3,15B8,30,0,2,15.1,POS,14.68,2.71,1.22,89
56,Tue Feb  5 15:59:32 20197,DIST,3,AN0,C295,0,0,2,15.62,AN1,4897,15,-1,2,4.61,AN2,5C15,-1,15,2,19.11,,,,,,,,,,,,DIST,4,AN0,4897,15,-1,2,4.16,AN1,17AF,30,30,2,30.73,AN2,07A7,31,15,2,19.55,AN3,15B8,30,0,2,15.2,POS,14.8,2.81,1.26,100
57,Tue Feb  5 15:59:32 20198,DIST,3,AN0,C295,0,0,2,15.63,AN1,4897,15,-1,2,4.64,AN2,5C15,-1,15,2,19.04,,,,,,,,,,,,DIST,3,AN0,4897,15,-1,2,4.27,AN1,07A7,31,15,2,19.42,AN2,15B8,30,0,2,15.27,,,,,,,,,,,
58,Tue Feb  5 15:59:32 20199,DIST,3,AN0,C295,0,0,2,15.49,AN1,4897,15,-1,2,4.68,AN2,5C15,-1,15,2,19.11,,,,,,,,,,,,DIST,3,AN0,4897,15,-1,2,4.66,AN1,07A7,31,15,2,19.13,AN2,15B8,30,0,2,15.19,,,,,,,,,,,
59,Tue Feb  5 15:59:32 201910,DIST,3,AN0,C295,0,0,2,15.71,AN1,4897,15,-1,2,4.88,AN2,D814,0,30,2,29.83,,,,,,,,,,,,DIST,3,AN0,4897,15,-1,2,5.18,AN1,07A7,31,15,2,18.82,AN2,15B8,30,0,2,15.24,,,,,,,,,,,
60,Tue Feb  5 15:59:33 20191,DIST,3,AN0,C295,0,0,2,15.71,AN1,4897,15,-1,2,5.29,AN2,D814,0,30,2,29.56,,,,,,,,,,,,DIST,3,AN0,4897,15,-1,2,5.52,AN1,07A7,31,15,2,18.78,AN2,15B8,30,0,2,15.4,POS,14.92,3.27,1.12,50,,,,,,
61,Tue Feb  5 15:59:33 20192,DIST,4,AN0,C295,0,0,2,15.8,AN1,4897,15,-1,2,5.78,AN2,5C15,-1,15,2,18.42,AN3,D814,0,30,2,29.05,POS,13.43,3.74,1.08,0,DIST,4,AN0,4897,15,-1,2,5.57,AN1,17AF,30,30,2,29.45,AN2,07A7,31,15,2,18.77,AN3,15B8,30,0,2,15.56,POS,14.97,3.6,1.25,100
62,Tue Feb  5 15:59:33 20193,DIST,3,AN0,C295,0,0,2,15.94,AN1,4897,15,-1,2,6.04,AN2,5C15,-1,15,2,18.21,,,,,,,,,,,,DIST,4,AN0,4897,15,-1,2,6.07,AN1,17AF,30,30,2,29.43,AN2,07A7,31,15,2,18.75,AN3,15B8,30,0,2,15.56,POS,15.05,3.85,0.86,100
63,Tue Feb  5 15:59:33 20194,DIST,4,AN0,C295,0,0,2,16.04,AN1,4897,15,-1,2,6.31,AN2,5C15,-1,15,2,18.01,AN3,15B8,30,0,2,16.09,,,,,,DIST,4,AN0,4897,15,-1,2,5.58,AN1,17AF,30,30,2,29.32,AN2,07A7,31,15,2,18.67,AN3,15B8,30,0,2,15.56,POS,15.07,4.07,0.84,100
64,Tue Feb  5 15:59:33 20195,DIST,3,AN0,C295,0,0,2,16.59,AN1,4897,15,-1,2,6.45,AN2,5C15,-1,15,2,17.9,,,,,,,,,,,,DIST,3,AN0,4897,15,-1,2,5.95,AN1,07A7,31,15,2,18.51,AN2,15B8,30,0,2,15.63,,,,,,,,,,,
65,Tue Feb  5 15:59:33 20196,DIST,4,AN0,C295,0,0,2,16.42,AN1,4897,15,-1,2,6.58,AN2,5C15,-1,15,2,17.94,AN3,D814,0,30,2,28.27,POS,13.65,4.2,1.09,0,DIST,3,AN0,4897,15,-1,2,6.56,AN1,07A7,31,15,2,18.22,AN2,15B8,30,0,2,15.76,POS,15.11,4.48,0.75,50,,,,,,
66,Tue Feb  5 15:59:33 20197,DIST,3,AN0,C295,0,0,2,16.28,AN1,4897,15,-1,2,6.81,AN2,5C15,-1,15,2,17.8,,,,,,,,,,,,DIST,2,AN0,4897,15,-1,2,6.92,AN1,07A7,31,15,2,17.9,,,,,,,,,,,,,,,,,
67,Tue Feb  5 15:59:33 20198,DIST,4,AN0,C295,0,0,2,16.36,AN1,4897,15,-1,2,7.31,AN2,5C15,-1,15,2,17.59,AN3,15B8,30,0,2,16.49,,,,,,DIST,3,AN0,4897,15,-1,2,7.47,AN1,07A7,31,15,2,17.83,AN2,15B8,30,0,2,16.07,POS,15.16,4.99,0.83,50,,,,,,
68,Tue Feb  5 15:59:33 20199,DIST,4,AN0,C295,0,0,2,16.56,AN1,4897,15,-1,2,7.89,AN2,5C15,-1,15,2,17.33,AN3,D814,0,30,2,27.22,POS,13.8,4.86,1.14,0,DIST,3,AN0,4897,15,-1,2,7.52,AN1,07A7,31,15,2,17.72,AN2,15B8,30,0,2,16.23,,,,,,,,,,,
69,Tue Feb  5 15:59:33 201910,DIST,3,AN0,C295,0,0,2,16.76,AN1,4897,15,-1,2,8.1,AN2,5C15,-1,15,2,17.15,,,,,,,,,,,,DIST,4,AN0,4897,15,-1,2,7.47,AN1,17AF,30,30,2,27.71,AN2,07A7,31,15,2,17.63,AN3,15B8,30,0,2,16.21,POS,15.15,5.39,0.79,100
70,Tue Feb  5 15:59:34 20191,DIST,4,AN0,C295,0,0,2,16.97,AN1,4897,15,-1,2,8.38,AN2,5C15,-1,15,2,17.06,AN3,15B8,30,0,2,16.94,,,,,,DIST,3,AN0,4897,15,-1,2,7.61,AN1,07A7,31,15,2,17.62,AN2,15B8,30,0,2,16.3,,,,,,,,,,,
71,Tue Feb  5 15:59:34 20192,DIST,4,AN0,C295,0,0,2,17.08,AN1,4897,15,-1,2,8.6,AN2,5C15,-1,15,2,16.94,AN3,D814,0,30,2,26.4,POS,13.98,5.6,0.83,53,DIST,3,AN0,4897,15,-1,2,7.87,AN1,07A7,31,15,2,17.47,AN2,15B8,30,0,2,16.39,,,,,,,,,,,
72,Tue Feb  5 15:59:34 20193,DIST,4,AN0,C295,0,0,2,17.07,AN1,4897,15,-1,2,8.74,AN2,5C15,-1,15,2,16.94,AN3,15B8,30,0,2,17.07,,,,,,DIST,3,AN0,4897,15,-1,2,8.32,AN1,07A7,31,15,2,17.25,AN2,15B8,30,0,2,16.54,,,,,,,,,,,
73,Tue Feb  5 15:59:34 20194,DIST,4,AN0,C295,0,0,2,17.56,AN1,4897,15,-1,2,8.78,AN2,5C15,-1,15,2,16.84,AN3,15B8,30,0,2,17.13,,,,,,DIST,4,AN0,4897,15,-1,2,8.98,AN1,17AF,30,30,2,26.68,AN2,07A7,31,15,2,17,AN3,15B8,30,0,2,16.76,POS,15.18,6,0.68,100
74,Tue Feb  5 15:59:34 20195,DIST,4,AN0,C295,0,0,2,17.26,AN1,4897,15,-1,2,9.35,AN2,5C15,-1,15,2,16.67,AN3,D814,0,30,2,25.97,POS,14.04,6.28,0.99,0,DIST,2,AN0,4897,15,-1,2,9.54,AN1,07A7,31,15,2,16.8,,,,,,,,,,,,,,,,,
75,Tue Feb  5 15:59:34 20196,DIST,3,AN0,C295,0,0,2,17.5,AN1,4897,15,-1,2,9.89,AN2,5C15,-1,15,2,16.44,,,,,,,,,,,,DIST,3,AN0,4897,15,-1,2,9.7,AN1,07A7,31,15,2,16.79,AN2,15B8,30,0,2,17.2,,,,,,,,,,,
76,Tue Feb  5 15:59:34 20197,DIST,3,AN0,C295,0,0,2,17.92,AN1,4897,15,-1,2,10.3,AN2,5C15,-1,15,2,16.33,,,,,,,,,,,,DIST,4,AN0,4897,15,-1,2,10.18,AN1,17AF,30,30,2,25.87,AN2,07A7,31,15,2,16.71,AN3,15B8,30,0,2,17.32,POS,15.22,6.71,0.36,100
77,Tue Feb  5 15:59:34 20198,DIST,3,AN0,C295,0,0,2,18.06,AN1,4897,15,-1,2,10.59,AN2,5C15,-1,15,2,16.23,,,,,,,,,,,,DIST,4,AN0,4897,15,-1,2,9.84,AN1,17AF,30,30,2,25.73,AN2,07A7,31,15,2,16.61,AN3,15B8,30,0,2,17.31,POS,15.19,7.27,0.39,100
78,Tue Feb  5 15:59:34 20199,DIST,3,AN0,C295,0,0,2,18.26,AN1,4897,15,-1,2,10.85,AN2,5C15,-1,15,2,16.17,,,,,,,,,,,,DIST,4,AN0,4897,15,-1,2,10.17,AN1,17AF,30,30,2,25.46,AN2,07A7,31,15,2,16.51,AN3,15B8,30,0,2,17.37,POS,15.2,7.76,0.52,100
79,Tue Feb  5 15:59:34 201910,DIST,3,AN0,C295,0,0,2,18.24,AN1,4897,15,-1,2,10.94,AN2,5C15,-1,15,2,16.12,,,,,,,,,,,,DIST,4,AN0,4897,15,-1,2,10.58,AN1,17AF,30,30,2,25.11,AN2,07A7,31,15,2,16.41,AN3,15B8,30,0,2,17.67,POS,15.19,8.24,0.5,100
80,Tue Feb  5 15:59:35 20191,DIST,4,AN0,C295,0,0,2,18.37,AN1,4897,15,-1,2,11.03,AN2,5C15,-1,15,2,16.09,AN3,D814,0,30,2,24.44,POS,14.16,7.26,0.72,0,DIST,3,AN0,4897,15,-1,2,11.23,AN1,07A7,31,15,2,16.27,AN2,15B8,30,0,2,17.93,POS,15.21,8.78,0.37,50,,,,,,
81,Tue Feb  5 15:59:35 20192,DIST,3,AN0,4897,15,-1,2,11.25,AN1,5C15,-1,15,2,16.01,AN2,15B8,30,0,2,18.46,,,,,,,,,,,,DIST,3,AN0,4897,15,-1,2,11.7,AN1,17AF,30,30,2,24.33,AN2,07A7,31,15,2,16.11,POS,15.34,9.2,0.18,50,,,,,,
82,Tue Feb  5 15:59:35 20193,DIST,2,AN0,4897,15,-1,2,11.86,AN1,5C15,-1,15,2,15.83,,,,,,,,,,,,,,,,,,DIST,4,AN0,4897,15,-1,2,11.89,AN1,17AF,30,30,2,24.26,AN2,07A7,31,15,2,16.08,AN3,15B8,30,0,2,18.5,POS,15.27,9.62,0.55,100
83,Tue Feb  5 15:59:35 20194,DIST,4,AN0,4897,15,-1,2,12.38,AN1,5C15,-1,15,2,15.73,AN2,D814,0,30,2,23.42,AN3,15B8,30,0,2,19.09,POS,14.22,8.32,0.63,100,DIST,4,AN0,4897,15,-1,2,12.17,AN1,17AF,30,30,2,24.13,AN2,07A7,31,15,2,16.09,AN3,15B8,30,0,2,18.51,POS,15.26,10.04,0.45,77
84,Tue Feb  5 15:59:35 20195,DIST,3,AN0,4897,15,-1,2,12.67,AN1,5C15,-1,15,2,15.74,AN2,D814,0,30,2,23.03,,,,,,,,,,,,DIST,4,AN0,4897,15,-1,2,12.22,AN1,17AF,30,30,2,24.03,AN2,07A7,31,15,2,16.08,AN3,15B8,30,0,2,18.61,POS,15.23,10.4,0.23,86
85,Tue Feb  5 15:59:35 20196,DIST,3,AN0,C295,0,0,2,19.56,AN1,4897,15,-1,2,12.87,AN2,5C15,-1,15,2,15.79,,,,,,,,,,,,DIST,4,AN0,4897,15,-1,2,12.23,AN1,17AF,30,30,2,23.93,AN2,07A7,31,15,2,15.97,AN3,15B8,30,0,2,18.63,POS,15.2,10.61,0.57,100
86,Tue Feb  5 15:59:35 20197,DIST,3,AN0,C295,0,0,2,19.73,AN1,4897,15,-1,2,13.13,AN2,5C15,-1,15,2,15.62,,,,,,,,,,,,DIST,3,AN0,4897,15,-1,2,12.46,AN1,07A7,31,15,2,15.93,AN2,15B8,30,0,2,18.78,,,,,,,,,,,
87,Tue Feb  5 15:59:35 20198,DIST,3,AN0,4897,15,-1,2,13.25,AN1,5C15,-1,15,2,15.63,AN2,D814,0,30,2,22.71,POS,14.32,9.35,0.4,50,,,,,,,DIST,2,AN0,4897,15,-1,2,13,AN1,07A7,31,15,2,15.77,,,,,,,,,,,,,,,,,
88,Tue Feb  5 15:59:35 20199,DIST,4,AN0,C295,0,0,2,19.75,AN1,4897,15,-1,2,13.25,AN2,5C15,-1,15,2,15.64,AN3,15B8,30,0,2,19.57,,,,,,DIST,3,AN0,4897,15,-1,2,13.45,AN1,17AF,30,30,2,22.96,AN2,15B8,30,0,2,19.37,POS,15.19,11.07,0.81,50,,,,,,
89,Tue Feb  5 15:59:35 201910,DIST,3,AN0,4897,15,-1,2,13.78,AN1,5C15,-1,15,2,15.56,AN2,15B8,30,0,2,19.77,,,,,,,,,,,,DIST,3,AN0,4897,15,-1,2,13.88,AN1,17AF,30,30,2,22.59,AN2,15B8,30,0,2,19.65,POS,15.18,11.54,0.78,50,,,,,,
90,Tue Feb  5 15:59:36 20191,DIST,3,AN0,4897,15,-1,2,14.23,AN1,5C15,-1,15,2,15.52,AN2,D814,0,30,2,22.08,POS,14.36,10.33,0.47,50,,,,,,,DIST,3,AN0,4897,15,-1,2,14.11,AN1,07A7,31,15,2,15.69,AN2,15B8,30,0,2,19.88,,,,,,,,,,,
91,Tue Feb  5 15:59:36 20192,DIST,3,AN0,4897,15,-1,2,14.71,AN1,5C15,-1,15,2,15.51,AN2,17AF,30,30,2,22.37,POS,14.4,11.19,0.49,50,,,,,,,DIST,3,AN0,17AF,30,30,2,22.42,AN1,07A7,31,15,2,15.72,AN2,15B8,30,0,2,19.88,POS,16.08,11.96,3.52,50,,,,,,
92,Tue Feb  5 15:59:36 20193,DIST,3,AN0,C295,0,0,2,20.86,AN1,4897,15,-1,2,14.91,AN2,5C15,-1,15,2,15.37,,,,,,,,,,,,DIST,4,AN0,4897,15,-1,2,14.25,AN1,17AF,30,30,2,22.38,AN2,07A7,31,15,2,15.6,AN3,15B8,30,0,2,19.9,POS,15.85,12.28,3.13,100
93,Tue Feb  5 15:59:36 20194,DIST,3,AN0,C295,0,0,2,21.06,AN1,4897,15,-1,2,15.13,AN2,5C15,-1,15,2,15.58,,,,,,,,,,,,DIST,4,AN0,4897,15,-1,2,14.41,AN1,17AF,30,30,2,22.21,AN2,07A7,31,15,2,15.61,AN3,15B8,30,0,2,19.96,POS,15.69,12.56,2.74,100
94,Tue Feb  5 15:59:36 20195,DIST,3,AN0,4897,15,-1,2,15.26,AN1,5C15,-1,15,2,15.51,AN2,D814,0,30,2,21.24,POS,14.47,12.01,0.25,50,,,,,,,DIST,4,AN0,4897,15,-1,2,14.78,AN1,17AF,30,30,2,21.9,AN2,07A7,31,15,2,15.62,AN3,15B8,30,0,2,20.3,POS,15.66,12.84,2.09,68
95,Tue Feb  5 15:59:36 20196,DIST,3,AN0,4897,15,-1,2,15.35,AN1,5C15,-1,15,2,15.49,AN2,15B8,30,0,2,20.89,,,,,,,,,,,,DIST,2,AN0,4897,15,-1,2,15.29,AN1,15B8,30,0,2,20.62,,,,,,,,,,,,,,,,,
96,Tue Feb  5 15:59:36 20197,DIST,2,AN0,5C15,-1,15,2,15.44,AN1,15B8,30,0,2,21.09,,,,,,,,,,,,,,,,,,DIST,4,AN0,4897,15,-1,2,15.95,AN1,17AF,30,30,2,21.15,AN2,07A7,31,15,2,15.49,AN3,15B8,30,0,2,21.03,POS,15.54,13.36,1.83,100
97,Tue Feb  5 15:59:36 20198,DIST,2,AN0,5C15,-1,15,2,15.35,AN1,D814,0,30,2,20.63,,,,,,,,,,,,,,,,,,DIST,3,AN0,4897,15,-1,2,16.22,AN1,07A7,31,15,2,15.58,AN2,15B8,30,0,2,21.32,,,,,,,,,,,
98,Tue Feb  5 15:59:36 20199,DIST,3,AN0,4897,15,-1,2,16.61,AN1,D814,0,30,2,20.28,AN2,15B8,30,0,2,21.85,POS,14.53,12.95,0.06,50,,,,,,,DIST,4,AN0,4897,15,-1,2,16.24,AN1,17AF,30,30,2,20.91,AN2,07A7,31,15,2,15.62,AN3,15B8,30,0,2,21.42,POS,15.55,13.78,1.28,58
99,Tue Feb  5 15:59:36 201910,DIST,3,AN0,C295,0,0,2,22.2,AN1,4897,15,-1,2,16.99,AN2,5C15,-1,15,2,15.4,,,,,,,,,,,,DIST,4,AN0,4897,15,-1,2,16.32,AN1,17AF,30,30,2,20.87,AN2,07A7,31,15,2,15.64,AN3,15B8,30,0,2,21.47,POS,15.55,14.12,0.86,60
100,Tue Feb  5 15:59:37 20191,DIST,2,AN0,4897,15,-1,2,17.21,AN1,5C15,-1,15,2,15.53,,,,,,,,,,,,,,,,,,DIST,4,AN0,4897,15,-1,2,16.51,AN1,17AF,30,30,2,20.78,AN2,07A7,31,15,2,15.56,AN3,15B8,30,0,2,21.44,POS,15.46,14.46,0.83,100
101,Tue Feb  5 15:59:37 20192,DIST,3,AN0,4897,15,-1,2,17.34,AN1,5C15,-1,15,2,15.42,AN2,D814,0,30,2,19.71,POS,14.52,13.84,-0.01,50,,,,,,,DIST,2,AN0,4897,15,-1,2,16.77,AN1,07A7,31,15,2,15.6,,,,,,,,,,,,,,,,,
102,Tue Feb  5 15:59:37 20193,DIST,4,AN0,4897,15,-1,2,17.44,AN1,5C15,-1,15,2,15.56,AN2,D814,0,30,2,19.71,AN3,15B8,30,0,2,22.47,POS,14.56,14.53,-0.13,100,DIST,2,AN0,4897,15,-1,2,17.14,AN1,15B8,30,0,2,22.08,,,,,,,,,,,,,,,,,
103,Tue Feb  5 15:59:37 20194,DIST,4,AN0,C295,0,0,2,22.73,AN1,4897,15,-1,2,17.56,AN2,5C15,-1,15,2,15.49,AN3,15B8,30,0,2,22.57,,,,,,DIST,2,AN0,17AF,30,30,2,19.92,AN1,15B8,30,0,2,22.5,,,,,,,,,,,,,,,,,
104,Tue Feb  5 15:59:37 20195,DIST,2,AN0,5C15,-1,15,2,15.5,AN1,15B8,30,0,2,22.91,,,,,,,,,,,,,,,,,,DIST,4,AN0,4897,15,-1,2,18.16,AN1,17AF,30,30,2,19.76,AN2,07A7,31,15,2,15.84,AN3,15B8,30,0,2,22.78,POS,15.35,15.13,0.94,100
105,Tue Feb  5 15:59:37 20196,DIST,3,AN0,4897,15,-1,2,18.48,AN1,5C15,-1,15,2,15.54,AN2,D814,0,30,2,18.98,POS,14.53,15.29,-0.02,50,,,,,,,DIST,4,AN0,4897,15,-1,2,18.32,AN1,17AF,30,30,2,19.66,AN2,07A7,31,15,2,15.95,AN3,15B8,30,0,2,22.93,POS,15.26,15.68,1.13,100
106,Tue Feb  5 15:59:37 20197,DIST,3,AN0,C295,0,0,2,23.7,AN1,5C15,-1,15,2,15.67,AN2,D814,0,30,2,18.65,POS,12.78,16.11,3.65,50,,,,,,,DIST,4,AN0,4897,15,-1,2,18.45,AN1,17AF,30,30,2,19.63,AN2,07A7,31,15,2,15.99,AN3,15B8,30,0,2,23,POS,15.19,16.17,0.67,100
107,Tue Feb  5 15:59:37 20198,DIST,4,AN0,C295,0,0,2,23.89,AN1,4897,15,-1,2,19.15,AN2,5C15,-1,15,2,15.79,AN3,D814,0,30,2,18.51,,,,,,DIST,4,AN0,4897,15,-1,2,18.4,AN1,17AF,30,30,2,19.57,AN2,07A7,31,15,2,15.92,AN3,15B8,30,0,2,23.06,POS,15.26,16.42,0.3,62
108,Tue Feb  5 15:59:37 20199,DIST,3,AN0,4897,15,-1,2,19.42,AN1,5C15,-1,15,2,15.77,AN2,D814,0,30,2,18.34,POS,13.22,16.72,2.62,50,,,,,,,DIST,4,AN0,4897,15,-1,2,18.66,AN1,17AF,30,30,2,19.41,AN2,07A7,31,15,2,15.92,AN3,15B8,30,0,2,23.14,POS,15.21,16.73,0.56,100
109,Tue Feb  5 15:59:37 201910,DIST,3,AN0,4897,15,-1,2,19.53,AN1,5C15,-1,15,2,15.82,AN2,D814,0,30,2,18.29,POS,13.56,17.21,1.86,50,,,,,,,DIST,3,AN0,4897,15,-1,2,19.6,AN1,17AF,30,30,2,18.73,AN2,15B8,30,0,2,23.87,POS,15.16,17.21,0.56,50,,,,,,
110,Tue Feb  5 15:59:38 20191,DIST,4,AN0,C295,0,0,2,24.25,AN1,4897,15,-1,2,19.54,AN2,5C15,-1,15,2,16.05,AN3,D814,0,30,2,18.35,,,,,,DIST,3,AN0,4897,15,-1,2,20.12,AN1,17AF,30,30,2,18.47,AN2,07A7,31,15,2,16.04,POS,15.34,17.59,1.88,50,,,,,,
111,Tue Feb  5 15:59:38 20192,DIST,2,AN0,5C15,-1,15,2,15.98,AN1,D814,0,30,2,18.13,,,,,,,,,,,,,,,,,,DIST,3,AN0,4897,15,-1,2,20.39,AN1,17AF,30,30,2,18.34,AN2,15B8,30,0,2,24.53,POS,15.25,18.05,1.63,50,,,,,,
112,Tue Feb  5 15:59:38 20193,DIST,2,AN0,4897,15,-1,2,20.36,AN1,5C15,-1,15,2,16.1,,,,,,,,,,,,,,,,,,DIST,3,AN0,4897,15,-1,2,20.47,AN1,17AF,30,30,2,18.32,AN2,15B8,30,0,2,24.56,POS,15.2,18.4,1.56,50,,,,,,
113,Tue Feb  5 15:59:38 20194,DIST,3,AN0,4897,15,-1,2,20.76,AN1,5C15,-1,15,2,16.31,AN2,D814,0,30,2,17.77,POS,13.84,17.87,1.44,50,,,,,,,DIST,3,AN0,4897,15,-1,2,20.59,AN1,17AF,30,30,2,18.24,AN2,15B8,30,0,2,24.58,POS,15.19,18.68,1.27,50,,,,,,
114,Tue Feb  5 15:59:38 20195,DIST,3,AN0,4897,15,-1,2,21.12,AN1,5C15,-1,15,2,16.39,AN2,D814,0,30,2,17.43,POS,14.07,18.48,0.87,50,,,,,,,DIST,3,AN0,4897,15,-1,2,20.64,AN1,17AF,30,30,2,18.14,AN2,15B8,30,0,2,24.66,POS,15.16,18.92,1.28,50,,,,,,
115,Tue Feb  5 15:59:38 20196,DIST,4,AN0,C295,0,0,2,25.7,AN1,4897,15,-1,2,21.32,AN2,5C15,-1,15,2,16.54,AN3,D814,0,30,2,17.31,,,,,,DIST,2,AN0,4897,15,-1,2,20.9,AN1,17AF,30,30,2,17.94,,,,,,,,,,,,,,,,,
116,Tue Feb  5 15:59:38 20197,DIST,3,AN0,4897,15,-1,2,21.51,AN1,5C15,-1,15,2,16.64,AN2,D814,0,30,2,17.2,,,,,,,,,,,,DIST,1,AN0,4897,15,-1,2,21.24,,,,,,,,,,,,,,,,,,,,,,,
117,Tue Feb  5 15:59:38 20198,DIST,3,AN0,4897,15,-1,2,21.61,AN1,5C15,-1,15,2,16.62,AN2,D814,0,30,2,17.15,,,,,,,,,,,,DIST,3,AN0,4897,15,-1,2,21.78,AN1,07A7,31,15,2,16.69,AN2,15B8,30,0,2,25.61,,,,,,,,,,,
118,Tue Feb  5 15:59:38 20199,DIST,4,AN0,C295,0,0,2,25.98,AN1,4897,15,-1,2,21.56,AN2,5C15,-1,15,2,16.72,AN3,D814,0,30,2,17.14,,,,,,DIST,2,AN0,17AF,30,30,2,17.25,AN1,07A7,31,15,2,16.83,,,,,,,,,,,,,,,,,
119,Tue Feb  5 15:59:38 201910,DIST,3,AN0,4897,15,-1,2,22.09,AN1,5C15,-1,15,2,16.79,AN2,D814,0,30,2,17.01,POS,14.25,19.17,0.52,50,,,,,,,DIST,2,AN0,17AF,30,30,2,17.16,AN1,07A7,31,15,2,16.91,,,,,,,,,,,,,,,,,
120,Tue Feb  5 15:59:39 20191,DIST,3,AN0,4897,15,-1,2,22.5,AN1,5C15,-1,15,2,16.96,AN2,D814,0,30,2,16.9,POS,14.37,19.77,0.46,50,,,,,,,DIST,1,AN0,17AF,30,30,2,17.14,,,,,,,,,,,,,,,,,,,,,,,
121,Tue Feb  5 15:59:39 20192,DIST,2,AN0,4897,15,-1,2,22.87,AN1,5C15,-1,15,2,17.25,,,,,,,,,,,,,,,,,,DIST,1,AN0,17AF,30,30,2,17.12,,,,,,,,,,,,,,,,,,,,,,,
122,Tue Feb  5 15:59:39 20193,DIST,4,AN0,C295,0,0,2,27.18,AN1,4897,15,-1,2,23.12,AN2,5C15,-1,15,2,17.37,AN3,D814,0,30,2,16.46,,,,,,DIST,3,AN0,4897,15,-1,2,22.69,AN1,5C15,-1,15,2,17.61,AN2,17AF,30,30,2,17.05,POS,15.18,19.6,1.06,50,,,,,,
123,Tue Feb  5 15:59:39 20194,DIST,3,AN0,4897,15,-1,2,23.39,AN1,5C15,-1,15,2,17.51,AN2,D814,0,30,2,16.4,,,,,,,,,,,,DIST,2,AN0,4897,15,-1,2,22.89,AN1,17AF,30,30,2,16.86,,,,,,,,,,,,,,,,,
124,Tue Feb  5 15:59:39 20195,DIST,3,AN0,4897,15,-1,2,23.57,AN1,5C15,-1,15,2,17.57,AN2,D814,0,30,2,16.28,,,,,,,,,,,,DIST,1,AN0,4897,15,-1,2,23.33,,,,,,,,,,,,,,,,,,,,,,,
125,Tue Feb  5 15:59:39 20196,DIST,3,AN0,4897,15,-1,2,23.62,AN1,5C15,-1,15,2,17.52,AN2,D814,0,30,2,16.29,,,,,,,,,,,,DIST,3,AN0,4897,15,-1,2,23.59,AN1,17AF,30,30,2,16.53,AN2,07A7,31,15,2,17.32,POS,15.29,20.3,0.58,50,,,,,,
126,Tue Feb  5 15:59:39 20197,DIST,4,AN0,4897,15,-1,2,23.58,AN1,5C15,-1,15,2,17.6,AN2,D814,0,30,2,16.32,AN3,15B8,30,0,2,27.22,POS,14.48,20.5,0.25,100,DIST,3,AN0,4897,15,-1,2,23.94,AN1,17AF,30,30,2,16.48,AN2,07A7,31,15,2,17.42,POS,15.42,20.87,1.93,50,,,,,,
127,Tue Feb  5 15:59:39 20198,DIST,2,AN0,5C15,-1,15,2,17.67,AN1,07A7,31,15,2,17.75,,,,,,,,,,,,,,,,,,DIST,2,AN0,17AF,30,30,2,16.39,AN1,07A7,31,15,2,17.52,,,,,,,,,,,,,,,,,
128,Tue Feb  5 15:59:39 20199,DIST,3,AN0,4897,15,-1,2,24.13,AN1,5C15,-1,15,2,17.75,AN2,D814,0,30,2,16.22,POS,14.57,21.18,0.19,50,,,,,,,DIST,3,AN0,4897,15,-1,2,24.43,AN1,17AF,30,30,2,16.25,AN2,07A7,31,15,2,17.63,POS,15.53,21.43,2.95,50,,,,,,
129,Tue Feb  5 15:59:39 201910,DIST,2,AN0,5C15,-1,15,2,17.86,AN1,D814,0,30,2,16.01,,,,,,,,,,,,,,,,,,DIST,3,AN0,4897,15,-1,2,24.46,AN1,17AF,30,30,2,16.31,AN2,07A7,31,15,2,17.49,POS,15.71,21.79,4,50,,,,,,
130,Tue Feb  5 15:59:40 20191,DIST,4,AN0,4897,15,-1,2,24.41,AN1,5C15,-1,15,2,17.9,AN2,D814,0,30,2,16.01,AN3,15B8,30,0,2,27.91,POS,14.63,21.76,0.1,100,DIST,4,AN0,4897,15,-1,2,24.33,AN1,17AF,30,30,2,16.14,AN2,07A7,31,15,2,17.63,AN3,15B8,30,0,2,27.58,POS,15.69,22.14,2.84,83
131,Tue Feb  5 15:59:40 20192,DIST,4,AN0,5C15,-1,15,2,18.02,AN1,D814,0,30,2,15.98,AN2,17AF,30,30,2,16.62,AN3,07A7,31,15,2,18.13,POS,14.71,22.27,-0.06,87,DIST,3,AN0,4897,15,-1,2,24.44,AN1,17AF,30,30,2,16.2,AN2,07A7,31,15,2,17.68,POS,15.69,22.4,3.48,50,,,,,,
132,Tue Feb  5 15:59:40 20193,DIST,3,AN0,5C15,-1,15,2,18,AN1,D814,0,30,2,15.88,AN2,07A7,31,15,2,18.13,,,,,,,,,,,,DIST,2,AN0,17AF,30,30,2,16.67,AN1,07A7,31,15,2,17.77,,,,,,,,,,,,,,,,,
133,Tue Feb  5 15:59:40 20194,DIST,3,AN0,5C15,-1,15,2,17.98,AN1,D814,0,30,2,15.9,AN2,07A7,31,15,2,18.15,POS,14.76,22.66,-0.23,50,,,,,,,DIST,2,AN0,17AF,30,30,2,16.37,AN1,07A7,31,15,2,17.85,,,,,,,,,,,,,,,,,
134,Tue Feb  5 15:59:40 20195,DIST,4,AN0,5C15,-1,15,2,18,AN1,D814,0,30,2,15.88,AN2,17AF,30,30,2,16.66,AN3,07A7,31,15,2,18.14,POS,14.8,22.96,-0.38,87,DIST,2,AN0,17AF,30,30,2,16.3,AN1,07A7,31,15,2,18.23,,,,,,,,,,,,,,,,,
135,Tue Feb  5 15:59:40 20196,DIST,4,AN0,5C15,-1,15,2,18.05,AN1,D814,0,30,2,15.92,AN2,17AF,30,30,2,16.62,AN3,07A7,31,15,2,18.08,POS,14.75,23,-0.47,77,DIST,3,AN0,5C15,-1,15,2,18.3,AN1,D814,0,30,2,15.64,AN2,17AF,30,30,2,16.37,POS,15.42,22.93,2.88,50,,,,,,
136,Tue Feb  5 15:59:40 20197,DIST,4,AN0,5C15,-1,15,2,18.03,AN1,D814,0,30,2,15.9,AN2,17AF,30,30,2,16.59,AN3,07A7,31,15,2,18.1,POS,14.72,23.05,-0.54,82,DIST,3,AN0,5C15,-1,15,2,18.12,AN1,D814,0,30,2,15.42,AN2,17AF,30,30,2,16.61,POS,15.16,23.33,2.34,50,,,,,,
137,Tue Feb  5 15:59:40 20198,DIST,3,AN0,5C15,-1,15,2,18.05,AN1,17AF,30,30,2,16.62,AN2,07A7,31,15,2,18.14,POS,14.78,23.09,-0.4,50,,,,,,,DIST,3,AN0,5C15,-1,15,2,18.02,AN1,17AF,30,30,2,16.75,AN2,07A7,31,15,2,18.82,POS,15,23.47,1.75,50,,,,,,
138,Tue Feb  5 15:59:40 20199,DIST,3,AN0,5C15,-1,15,2,17.91,AN1,17AF,30,30,2,16.62,AN2,07A7,31,15,2,18.23,POS,14.79,23.15,-0.07,50,,,,,,,DIST,3,AN0,5C15,-1,15,2,17.94,AN1,17AF,30,30,2,16.81,AN2,07A7,31,15,2,18.86,POS,14.87,23.57,1.32,50,,,,,,
139,Tue Feb  5 15:59:40 201910,DIST,2,AN0,5C15,-1,15,2,17.8,AN1,17AF,30,30,2,16.71,,,,,,,,,,,,,,,,,,DIST,2,AN0,5C15,-1,15,2,17.88,AN1,17AF,30,30,2,16.87,,,,,,,,,,,,,,,,,
140,Tue Feb  5 15:59:41 20191,DIST,3,AN0,4897,15,-1,2,24.56,AN1,5C15,-1,15,2,17.75,AN2,17AF,30,30,2,16.95,POS,14.71,23.23,-0.03,50,,,,,,,DIST,3,AN0,5C15,-1,15,2,17.93,AN1,17AF,30,30,2,16.8,AN2,07A7,31,15,2,18.88,POS,14.77,23.65,1.03,50,,,,,,
141,Tue Feb  5 15:59:41 20192,DIST,4,AN0,4897,15,-1,2,24.68,AN1,5C15,-1,15,2,17.52,AN2,17AF,30,30,2,17.06,AN3,07A7,31,15,2,18.73,POS,14.61,23.36,-0.03,95,DIST,2,AN0,5C15,-1,15,2,17.92,AN1,17AF,30,30,2,16.87,,,,,,,,,,,,,,,,,
142,Tue Feb  5 15:59:41 20193,DIST,4,AN0,4897,15,-1,2,24.71,AN1,5C15,-1,15,2,17.32,AN2,17AF,30,30,2,17.25,AN3,07A7,31,15,2,18.86,POS,14.49,23.48,-0.18,98,DIST,3,AN0,5C15,-1,15,2,17.87,AN1,D814,0,30,2,15.19,AN2,17AF,30,30,2,16.86,POS,14.6,23.86,0.99,50,,,,,,
143,Tue Feb  5 15:59:41 20194,DIST,4,AN0,4897,15,-1,2,24.73,AN1,5C15,-1,15,2,17.15,AN2,17AF,30,30,2,17.42,AN3,07A7,31,15,2,19.09,POS,14.34,23.56,-0.23,100,DIST,4,AN0,5C15,-1,15,2,17.96,AN1,D814,0,30,2,15.12,AN2,17AF,30,30,2,16.96,AN3,07A7,31,15,2,18.93,POS,14.46,23.84,0.59,63
144,Tue Feb  5 15:59:41 20195,DIST,4,AN0,4897,15,-1,2,24.72,AN1,5C15,-1,15,2,17.08,AN2,17AF,30,30,2,17.55,AN3,07A7,31,15,2,19.15,POS,14.22,23.63,-0.27,93,DIST,2,AN0,D814,0,30,2,14.95,AN1,07A7,31,15,2,19.09,,,,,,,,,,,,,,,,,
145,Tue Feb  5 15:59:41 20196,DIST,4,AN0,4897,15,-1,2,24.65,AN1,5C15,-1,15,2,16.99,AN2,17AF,30,30,2,17.59,AN3,07A7,31,15,2,19.22,POS,14.1,23.65,-0.23,98,DIST,2,AN0,D814,0,30,2,14.67,AN1,17AF,30,30,2,17.35,,,,,,,,,,,,,,,,,
146,Tue Feb  5 15:59:41 20197,DIST,3,AN0,5C15,-1,15,2,16.97,AN1,17AF,30,30,2,17.64,AN2,07A7,31,15,2,19.21,POS,14.01,23.56,0,50,,,,,,,DIST,1,AN0,17AF,30,30,2,17.58,,,,,,,,,,,,,,,,,,,,,,,
147,Tue Feb  5 15:59:41 20198,DIST,4,AN0,4897,15,-1,2,24.71,AN1,5C15,-1,15,2,16.99,AN2,17AF,30,30,2,17.67,AN3,07A7,31,15,2,19.24,POS,13.94,23.62,-0.1,91,DIST,2,AN0,5C15,-1,15,2,16.89,AN1,17AF,30,30,2,17.96,,,,,,,,,,,,,,,,,
148,Tue Feb  5 15:59:41 20199,DIST,4,AN0,4897,15,-1,2,24.71,AN1,5C15,-1,15,2,16.96,AN2,17AF,30,30,2,17.74,AN3,07A7,31,15,2,19.28,POS,13.87,23.66,-0.13,87,DIST,2,AN0,5C15,-1,15,2,16.74,AN1,17AF,30,30,2,18.18,,,,,,,,,,,,,,,,,
149,Tue Feb  5 15:59:41 201910,DIST,4,AN0,4897,15,-1,2,24.69,AN1,5C15,-1,15,2,16.82,AN2,17AF,30,30,2,17.69,AN3,07A7,31,15,2,19.37,POS,13.8,23.69,-0.21,100,DIST,3,AN0,5C15,-1,15,2,16.53,AN1,D814,0,30,2,14.02,AN2,17AF,30,30,2,18.38,POS,14,23.92,0.53,50,,,,,,
150,Tue Feb  5 15:59:42 20191,DIST,4,AN0,4897,15,-1,2,24.69,AN1,5C15,-1,15,2,16.8,AN2,17AF,30,30,2,18.16,AN3,07A7,31,15,2,19.49,POS,13.66,23.64,-0.32,100,DIST,2,AN0,5C15,-1,15,2,16.4,AN1,17AF,30,30,2,18.48,,,,,,,,,,,,,,,,,
151,Tue Feb  5 15:59:42 20192,DIST,3,AN0,4897,15,-1,2,24.59,AN1,5C15,-1,15,2,16.43,AN2,17AF,30,30,2,18.42,POS,13.48,23.58,-0.29,50,,,,,,,DIST,3,AN0,5C15,-1,15,2,16.41,AN1,D814,0,30,2,13.83,AN2,17AF,30,30,2,18.45,POS,13.63,24,0.59,50,,,,,,
152,Tue Feb  5 15:59:42 20193,DIST,4,AN0,4897,15,-1,2,24.46,AN1,5C15,-1,15,2,16.12,AN2,17AF,30,30,2,18.61,AN3,07A7,31,15,2,20.01,POS,13.29,23.51,-0.13,100,DIST,3,AN0,5C15,-1,15,2,16.4,AN1,D814,0,30,2,13.84,AN2,17AF,30,30,2,18.47,POS,13.35,24.05,0.62,50,,,,,,
153,Tue Feb  5 15:59:42 20194,DIST,4,AN0,4897,15,-1,2,24.55,AN1,5C15,-1,15,2,15.84,AN2,17AF,30,30,2,18.84,AN3,07A7,31,15,2,20.22,POS,13.1,23.51,-0.16,93,DIST,3,AN0,5C15,-1,15,2,16.46,AN1,D814,0,30,2,13.91,AN2,17AF,30,30,2,18.43,POS,13.15,24.09,0.59,50,,,,,,
154,Tue Feb  5 15:59:42 20195,DIST,4,AN0,4897,15,-1,2,24.49,AN1,5C15,-1,15,2,15.71,AN2,17AF,30,30,2,19.03,AN3,07A7,31,15,2,20.37,POS,12.92,23.49,-0.04,87,DIST,2,AN0,D814,0,30,2,13.88,AN1,17AF,30,30,2,18.55,,,,,,,,,,,,,,,,,
155,Tue Feb  5 15:59:42 20196,DIST,4,AN0,4897,15,-1,2,24.5,AN1,5C15,-1,15,2,15.6,AN2,17AF,30,30,2,19.08,AN3,07A7,31,15,2,20.46,POS,12.76,23.47,0.01,93,DIST,2,AN0,D814,0,30,2,13.63,AN1,17AF,30,30,2,18.73,,,,,,,,,,,,,,,,,
156,Tue Feb  5 15:59:42 20197,DIST,4,AN0,4897,15,-1,2,24.48,AN1,5C15,-1,15,2,15.5,AN2,17AF,30,30,2,19.19,AN3,07A7,31,15,2,20.49,POS,12.61,23.46,-0.04,92,DIST,2,AN0,17AF,30,30,2,18.86,AN1,07A7,31,15,2,20.5,,,,,,,,,,,,,,,,,
157,Tue Feb  5 15:59:42 20198,DIST,4,AN0,4897,15,-1,2,24.43,AN1,5C15,-1,15,2,15.47,AN2,17AF,30,30,2,19.25,AN3,07A7,31,15,2,20.56,POS,12.48,23.42,0.12,89,DIST,2,AN0,17AF,30,30,2,19.2,AN1,07A7,31,15,2,20.68,,,,,,,,,,,,,,,,,
158,Tue Feb  5 15:59:42 20199,DIST,4,AN0,4897,15,-1,2,24.48,AN1,5C15,-1,15,2,15.49,AN2,17AF,30,30,2,19.26,AN3,07A7,31,15,2,20.53,POS,12.4,23.41,0.1,86,DIST,4,AN0,5C15,-1,15,2,15.59,AN1,D814,0,30,2,13.09,AN2,17AF,30,30,2,19.39,AN3,07A7,31,15,2,20.92,,,,,
159,Tue Feb  5 15:59:42 201910,DIST,4,AN0,4897,15,-1,2,24.49,AN1,5C15,-1,15,2,15.46,AN2,17AF,30,30,2,19.29,AN3,07A7,31,15,2,20.52,POS,12.34,23.42,0.01,86,DIST,2,AN0,5C15,-1,15,2,15.38,AN1,17AF,30,30,2,19.71,,,,,,,,,,,,,,,,,
160,Tue Feb  5 15:59:43 20191,DIST,4,AN0,4897,15,-1,2,24.51,AN1,5C15,-1,15,2,15.38,AN2,17AF,30,30,2,19.34,AN3,07A7,31,15,2,20.57,POS,12.28,23.43,-0.12,90,DIST,2,AN0,5C15,-1,15,2,15.26,AN1,17AF,30,30,2,19.85,,,,,,,,,,,,,,,,,
161,Tue Feb  5 15:59:43 20192,DIST,4,AN0,4897,15,-1,2,24.47,AN1,5C15,-1,15,2,15.28,AN2,17AF,30,30,2,19.6,AN3,07A7,31,15,2,20.75,POS,12.19,23.41,-0.03,75,DIST,2,AN0,5C15,-1,15,2,15.17,AN1,17AF,30,30,2,19.92,,,,,,,,,,,,,,,,,
162,Tue Feb  5 15:59:43 20193,DIST,2,AN0,5C15,-1,15,2,15.12,AN1,17AF,30,30,2,19.86,,,,,,,,,,,,,,,,,,DIST,2,AN0,5C15,-1,15,2,15.21,AN1,D814,0,30,2,12.77,,,,,,,,,,,,,,,,,
163,Tue Feb  5 15:59:43 20194,DIST,4,AN0,4897,15,-1,2,24.52,AN1,5C15,-1,15,2,14.69,AN2,17AF,30,30,2,20.12,AN3,07A7,31,15,2,21.3,POS,11.96,23.39,-0.05,87,DIST,3,AN0,5C15,-1,15,2,15.2,AN1,D814,0,30,2,12.79,AN2,17AF,30,30,2,19.91,POS,12.65,24.06,0.46,50,,,,,,
164,Tue Feb  5 15:59:43 20195,DIST,4,AN0,4897,15,-1,2,24.54,AN1,5C15,-1,15,2,14.48,AN2,17AF,30,30,2,20.34,AN3,07A7,31,15,2,21.47,POS,11.74,23.38,-0.13,86,DIST,3,AN0,5C15,-1,15,2,15.19,AN1,D814,0,30,2,12.71,AN2,17AF,30,30,2,19.94,POS,12.25,24.06,0.37,50,,,,,,
165,Tue Feb  5 15:59:43 20196,DIST,4,AN0,4897,15,-1,2,24.58,AN1,5C15,-1,15,2,14.38,AN2,17AF,30,30,2,20.54,AN3,07A7,31,15,2,21.65,POS,11.53,23.36,-0.12,79,DIST,3,AN0,5C15,-1,15,2,15.09,AN1,D814,0,30,2,12.63,AN2,17AF,30,30,2,19.99,POS,11.94,24.04,0.38,50,,,,,,
166,Tue Feb  5 15:59:43 20197,DIST,4,AN0,4897,15,-1,2,24.63,AN1,5C15,-1,15,2,14.3,AN2,17AF,30,30,2,20.66,AN3,07A7,31,15,2,21.78,POS,11.35,23.36,-0.08,78,DIST,3,AN0,5C15,-1,15,2,15.18,AN1,D814,0,30,2,12.51,AN2,17AF,30,30,2,20.09,POS,11.67,24.09,0.25,50,,,,,,
167,Tue Feb  5 15:59:43 20198,DIST,3,AN0,4897,15,-1,2,24.61,AN1,5C15,-1,15,2,14.25,AN2,17AF,30,30,2,20.69,POS,11.15,23.31,0,50,,,,,,,DIST,1,AN0,17AF,30,30,2,20.29,,,,,,,,,,,,,,,,,,,,,,,
168,Tue Feb  5 15:59:43 20199,DIST,3,AN0,4897,15,-1,2,24.59,AN1,5C15,-1,15,2,14.24,AN2,17AF,30,30,2,20.74,POS,11,23.25,0.01,50,,,,,,,DIST,3,AN0,D814,0,30,2,11.99,AN1,17AF,30,30,2,20.52,AN2,07A7,31,15,2,21.85,,,,,,,,,,,
169,Tue Feb  5 15:59:43 201910,DIST,3,AN0,4897,15,-1,2,24.57,AN1,5C15,-1,15,2,14.21,AN2,17AF,30,30,2,20.74,POS,10.88,23.21,0.04,50,,,,,,,DIST,3,AN0,5C15,-1,15,2,14.51,AN1,17AF,30,30,2,20.74,AN2,07A7,31,15,2,22.23,POS,11.4,23.89,-0.01,50,,,,,,
170,Tue Feb  5 15:59:44 20191,DIST,4,AN0,4897,15,-1,2,24.62,AN1,5C15,-1,15,2,14.24,AN2,17AF,30,30,2,20.75,AN3,07A7,31,15,2,21.92,POS,10.79,23.19,0.03,100,DIST,2,AN0,5C15,-1,15,2,14.31,AN1,17AF,30,30,2,21.01,,,,,,,,,,,,,,,,,
171,Tue Feb  5 15:59:44 20192,DIST,4,AN0,4897,15,-1,2,24.73,AN1,5C15,-1,15,2,14.17,AN2,17AF,30,30,2,20.78,AN3,07A7,31,15,2,21.98,POS,10.74,23.25,-0.02,82,DIST,1,AN0,5C15,-1,15,2,14.19,,,,,,,,,,,,,,,,,,,,,,,
172,Tue Feb  5 15:59:44 20193,DIST,3,AN0,4897,15,-1,2,24.76,AN1,5C15,-1,15,2,14.05,AN2,17AF,30,30,2,20.94,POS,10.62,23.25,0.06,50,,,,,,,DIST,1,AN0,5C15,-1,15,2,14.19,,,,,,,,,,,,,,,,,,,,,,,
173,Tue Feb  5 15:59:44 20194,DIST,3,AN0,4897,15,-1,2,24.75,AN1,5C15,-1,15,2,14.31,AN2,17AF,30,30,2,21.24,POS,10.53,23.19,1.46,50,,,,,,,DIST,2,AN0,5C15,-1,15,2,14.08,AN1,17AF,30,30,2,21.35,,,,,,,,,,,,,,,,,
174,Tue Feb  5 15:59:44 20195,DIST,4,AN0,C295,0,0,2,25.82,AN1,4897,15,-1,2,24.83,AN2,5C15,-1,15,2,13.6,AN3,17AF,30,30,2,21.46,POS,10.33,23.19,1.17,0,DIST,4,AN0,5C15,-1,15,2,14.12,AN1,D814,0,30,2,11.47,AN2,17AF,30,30,2,21.28,AN3,07A7,31,15,2,22.8,POS,11.05,23.93,0.01,68
175,Tue Feb  5 15:59:44 20196,DIST,4,AN0,4897,15,-1,2,24.88,AN1,5C15,-1,15,2,13.5,AN2,17AF,30,30,2,21.65,AN3,07A7,31,15,2,22.85,POS,10.13,23.19,0.88,100,DIST,2,AN0,D814,0,30,2,11.42,AN1,17AF,30,30,2,21.28,,,,,,,,,,,,,,,,,
176,Tue Feb  5 15:59:44 20197,DIST,4,AN0,4897,15,-1,2,24.93,AN1,5C15,-1,15,2,13.33,AN2,17AF,30,30,2,21.89,AN3,07A7,31,15,2,23.1,POS,9.93,23.19,0.63,100,DIST,3,AN0,5C15,-1,15,2,14.1,AN1,D814,0,30,2,11.35,AN2,17AF,30,30,2,21.34,POS,10.67,23.99,0.04,50,,,,,,
177,Tue Feb  5 15:59:44 20198,DIST,3,AN0,4897,15,-1,2,24.97,AN1,5C15,-1,15,2,13.19,AN2,17AF,30,30,2,22,POS,9.73,23.2,0.51,50,,,,,,,DIST,2,AN0,D814,0,30,2,11.21,AN1,17AF,30,30,2,21.47,,,,,,,,,,,,,,,,,
178,Tue Feb  5 15:59:44 20199,DIST,3,AN0,4897,15,-1,2,25.06,AN1,5C15,-1,15,2,13.21,AN2,17AF,30,30,2,22.13,POS,9.57,23.2,0.29,50,,,,,,,DIST,3,AN0,D814,0,30,2,11.02,AN1,17AF,30,30,2,21.5,AN2,07A7,31,15,2,23.01,,,,,,,,,,,
179,Tue Feb  5 15:59:44 201910,DIST,3,AN0,C295,0,0,2,25.62,AN1,5C15,-1,15,2,13.17,AN2,17AF,30,30,2,22.12,POS,9.32,23.46,0.27,50,,,,,,,DIST,2,AN0,D814,0,30,2,10.82,AN1,17AF,30,30,2,21.89,,,,,,,,,,,,,,,,,
180,Tue Feb  5 15:59:45 20191,DIST,4,AN0,C295,0,0,2,25.62,AN1,4897,15,-1,2,24.92,AN2,5C15,-1,15,2,13.16,AN3,17AF,30,30,2,22.14,POS,9.26,23.36,0.1,0,DIST,2,AN0,D814,0,30,2,10.54,AN1,17AF,30,30,2,22.19,,,,,,,,,,,,,,,,,
181,Tue Feb  5 15:59:45 20192,DIST,3,AN0,C295,0,0,2,25.63,AN1,5C15,-1,15,2,13.21,AN2,17AF,30,30,2,22.14,POS,9.1,23.57,0.23,50,,,,,,,DIST,2,AN0,5C15,-1,15,2,13.34,AN1,D814,0,30,2,10.34,,,,,,,,,,,,,,,,,
182,Tue Feb  5 15:59:45 20193,DIST,3,AN0,C295,0,0,2,25.56,AN1,5C15,-1,15,2,13.06,AN2,17AF,30,30,2,22.21,POS,8.94,23.72,0.2,50,,,,,,,DIST,2,AN0,5C15,-1,15,2,13.21,AN1,D814,0,30,2,10.23,,,,,,,,,,,,,,,,,
183,Tue Feb  5 15:59:45 20194,DIST,4,AN0,C295,0,0,2,25.51,AN1,4897,15,-1,2,25.09,AN2,5C15,-1,15,2,12.84,AN3,17AF,30,30,2,22.36,POS,8.89,23.61,0.28,0,DIST,2,AN0,5C15,-1,15,2,13.11,AN1,D814,0,30,2,10.22,,,,,,,,,,,,,,,,,
184,Tue Feb  5 15:59:45 20195,DIST,3,AN0,C295,0,0,2,25.34,AN1,4897,15,-1,2,25.11,AN2,5C15,-1,15,2,13.05,,,,,,,,,,,,DIST,3,AN0,5C15,-1,15,2,13.06,AN1,D814,0,30,2,10.14,AN2,17AF,30,30,2,22.74,POS,10.03,24.04,0.07,50,,,,,,
185,Tue Feb  5 15:59:45 20196,DIST,4,AN0,C295,0,0,2,25.29,AN1,4897,15,-1,2,25.23,AN2,5C15,-1,15,2,12.65,AN3,17AF,30,30,2,22.92,POS,8.74,23.5,0.05,0,DIST,3,AN0,5C15,-1,15,2,13.05,AN1,D814,0,30,2,10.16,AN2,17AF,30,30,2,22.73,POS,9.55,24.07,0.09,50,,,,,,
186,Tue Feb  5 15:59:45 20197,DIST,4,AN0,C295,0,0,2,25.21,AN1,5C15,-1,15,2,12.42,AN2,17AF,30,30,2,23.17,AN3,07A7,31,15,2,24.34,POS,8.59,23.34,-0.19,0,DIST,2,AN0,D814,0,30,2,10.12,AN1,17AF,30,30,2,22.74,,,,,,,,,,,,,,,,,
187,Tue Feb  5 15:59:45 20198,DIST,3,AN0,5C15,-1,15,2,12.16,AN1,D814,0,30,2,10,AN2,17AF,30,30,2,23.34,POS,8.34,23.4,0.12,50,,,,,,,DIST,3,AN0,5C15,-1,15,2,13.04,AN1,D814,0,30,2,10.05,AN2,17AF,30,30,2,22.8,POS,9.17,24.11,0.11,50,,,,,,
188,Tue Feb  5 15:59:45 20199,DIST,3,AN0,5C15,-1,15,2,12.15,AN1,D814,0,30,2,9.88,AN2,17AF,30,30,2,23.46,POS,8.12,23.46,0.28,50,,,,,,,DIST,2,AN0,D814,0,30,2,9.92,AN1,07A7,31,15,2,24.3,,,,,,,,,,,,,,,,,
189,Tue Feb  5 15:59:45 201910,DIST,3,AN0,4897,15,-1,2,25.3,AN1,5C15,-1,15,2,12.14,AN2,17AF,30,30,2,23.51,POS,8.01,23.36,0.06,50,,,,,,,DIST,2,AN0,D814,0,30,2,9.83,AN1,17AF,30,30,2,23.12,,,,,,,,,,,,,,,,,
190,Tue Feb  5 15:59:46 20191,DIST,2,AN0,5C15,-1,15,2,12.16,AN1,17AF,30,30,2,23.57,,,,,,,,,,,,,,,,,,DIST,3,AN0,5C15,-1,15,2,12.61,AN1,D814,0,30,2,9.66,AN2,07A7,31,15,2,24.76,POS,8.85,24.12,0.1,50,,,,,,
191,Tue Feb  5 15:59:46 20192,DIST,3,AN0,C295,0,0,2,25.02,AN1,5C15,-1,15,2,12.11,AN2,17AF,30,30,2,23.57,POS,7.8,23.52,0.27,50,,,,,,,DIST,3,AN0,5C15,-1,15,2,12.4,AN1,D814,0,30,2,9.33,AN2,17AF,30,30,2,23.71,POS,8.41,24.14,0.11,50,,,,,,
192,Tue Feb  5 15:59:46 20193,DIST,3,AN0,5C15,-1,15,2,12.07,AN1,17AF,30,30,2,23.54,AN2,15B8,30,0,2,32.41,POS,7.74,23.46,0.18,50,,,,,,,DIST,2,AN0,5C15,-1,15,2,12.23,AN1,D814,0,30,2,9.16,,,,,,,,,,,,,,,,,
193,Tue Feb  5 15:59:46 20194,DIST,3,AN0,C295,0,0,2,25.07,AN1,5C15,-1,15,2,11.96,AN2,17AF,30,30,2,23.63,POS,7.55,23.64,0.08,50,,,,,,,DIST,3,AN0,5C15,-1,15,2,12.14,AN1,D814,0,30,2,9.08,AN2,17AF,30,30,2,24.15,POS,7.97,24.15,0.06,50,,,,,,
194,Tue Feb  5 15:59:46 20195,DIST,3,AN0,C295,0,0,2,24.98,AN1,5C15,-1,15,2,12.34,AN2,17AF,30,30,2,23.83,POS,7.46,23.66,-0.18,50,,,,,,,DIST,3,AN0,5C15,-1,15,2,12.17,AN1,D814,0,30,2,9,AN2,17AF,30,30,2,24.16,POS,7.63,24.18,0.04,50,,,,,,
195,Tue Feb  5 15:59:46 20196,DIST,4,AN0,C295,0,0,2,24.85,AN1,4897,15,-1,2,25.56,AN2,5C15,-1,15,2,11.93,AN3,17AF,30,30,2,24.13,POS,7.38,23.52,1.2,55,DIST,3,AN0,5C15,-1,15,2,12.08,AN1,D814,0,30,2,8.98,AN2,17AF,30,30,2,24.19,POS,7.37,24.19,0.05,50,,,,,,
196,Tue Feb  5 15:59:46 20197,DIST,4,AN0,C295,0,0,2,24.8,AN1,4897,15,-1,2,25.64,AN2,5C15,-1,15,2,11.88,AN3,17AF,30,30,2,24.34,POS,7.27,23.41,2.29,56,DIST,3,AN0,5C15,-1,15,2,12.1,AN1,D814,0,30,2,8.97,AN2,17AF,30,30,2,24.2,POS,7.18,24.2,0.05,50,,,,,,
197,Tue Feb  5 15:59:46 20198,DIST,4,AN0,C295,0,0,2,24.77,AN1,4897,15,-1,2,25.67,AN2,5C15,-1,15,2,11.5,AN3,17AF,30,30,2,24.56,POS,7.11,23.32,1.47,0,DIST,3,AN0,D814,0,30,2,8.97,AN1,17AF,30,30,2,24.21,AN2,15B8,30,0,2,33.34,POS,7.03,24.09,0.21,50,,,,,,
198,Tue Feb  5 15:59:46 20199,DIST,4,AN0,C295,0,0,2,24.9,AN1,4897,15,-1,2,25.8,AN2,5C15,-1,15,2,11.29,AN3,17AF,30,30,2,24.75,POS,6.92,23.28,0.95,0,DIST,4,AN0,5C15,-1,15,2,11.99,AN1,D814,0,30,2,8.94,AN2,17AF,30,30,2,24.23,AN3,15B8,30,0,2,33.28,POS,6.91,23.99,0.24,64
199,Tue Feb  5 15:59:46 201910,DIST,3,AN0,C295,0,0,2,24.73,AN1,5C15,-1,15,2,11.2,AN2,17AF,30,30,2,24.83,POS,6.64,23.49,0.72,50,,,,,,,DIST,2,AN0,D814,0,30,2,8.88,AN1,07A7,31,15,2,25.62,,,,,,,,,,,,,,,,,
200,Tue Feb  5 15:59:47 20191,DIST,3,AN0,4897,15,-1,2,25.93,AN1,5C15,-1,15,2,11.21,AN2,17AF,30,30,2,24.93,POS,6.51,23.43,0.39,50,,,,,,,DIST,2,AN0,D814,0,30,2,8.6,AN1,17AF,30,30,2,24.65,,,,,,,,,,,,,,,,,
201,Tue Feb  5 15:59:47 20192,DIST,2,AN0,5C15,-1,15,2,11.25,AN1,17AF,30,30,2,24.96,,,,,,,,,,,,,,,,,,DIST,3,AN0,5C15,-1,15,2,11.66,AN1,D814,0,30,2,8.38,AN2,07A7,31,15,2,26.22,POS,6.78,24.05,0.19,50,,,,,,
202,Tue Feb  5 15:59:47 20193,DIST,2,AN0,5C15,-1,15,2,11.24,AN1,17AF,30,30,2,24.97,,,,,,,,,,,,,,,,,,DIST,2,AN0,5C15,-1,15,2,11.43,AN1,D814,0,30,2,8.23,,,,,,,,,,,,,,,,,
203,Tue Feb  5 15:59:47 20194,DIST,4,AN0,C295,0,0,2,24.57,AN1,5C15,-1,15,2,11.22,AN2,07A7,31,15,2,26.11,AN3,15B8,30,0,2,33.52,POS,6.47,23.53,0.23,100,DIST,2,AN0,5C15,-1,15,2,11.39,AN1,D814,0,30,2,8.04,,,,,,,,,,,,,,,,,
204,Tue Feb  5 15:59:47 20195,DIST,2,AN0,5C15,-1,15,2,10.94,AN1,07A7,31,15,2,26.2,,,,,,,,,,,,,,,,,,DIST,2,AN0,5C15,-1,15,2,11.25,AN1,D814,0,30,2,8.04,,,,,,,,,,,,,,,,,
205,Tue Feb  5 15:59:47 20196,DIST,2,AN0,C295,0,0,2,24.59,AN1,5C15,-1,15,2,11.2,,,,,,,,,,,,,,,,,,DIST,3,AN0,5C15,-1,15,2,11.26,AN1,D814,0,30,2,7.95,AN2,17AF,30,30,2,25.64,POS,6.36,24.1,0.13,50,,,,,,
206,Tue Feb  5 15:59:47 20197,DIST,2,AN0,C295,0,0,2,24.43,AN1,5C15,-1,15,2,10.96,,,,,,,,,,,,,,,,,,DIST,3,AN0,5C15,-1,15,2,11.23,AN1,D814,0,30,2,7.93,AN2,17AF,30,30,2,25.65,POS,6.04,24.13,0.11,50,,,,,,
207,Tue Feb  5 15:59:47 20198,DIST,4,AN0,C295,0,0,2,24.4,AN1,4897,15,-1,2,26.14,AN2,5C15,-1,15,2,10.85,AN3,07A7,31,15,2,26.79,POS,6.26,23.47,0.12,67,DIST,3,AN0,5C15,-1,15,2,11.16,AN1,D814,0,30,2,7.97,AN2,17AF,30,30,2,25.63,POS,5.81,24.14,0.13,50,,,,,,
208,Tue Feb  5 15:59:47 20199,DIST,4,AN0,4897,15,-1,2,26.25,AN1,5C15,-1,15,2,10.51,AN2,D814,0,30,2,8.09,AN3,17AF,30,30,2,26.01,POS,5.9,23.42,0.14,74,DIST,4,AN0,5C15,-1,15,2,11.19,AN1,D814,0,30,2,7.95,AN2,17AF,30,30,2,25.66,AN3,15B8,30,0,2,34.37,POS,5.62,24.15,0.11,100
209,Tue Feb  5 15:59:47 201910,DIST,4,AN0,4897,15,-1,2,26.38,AN1,5C15,-1,15,2,10.39,AN2,D814,0,30,2,7.88,AN3,17AF,30,30,2,26.25,POS,5.56,23.39,0.13,78,DIST,3,AN0,D814,0,30,2,7.92,AN1,17AF,30,30,2,25.73,AN2,15B8,30,0,2,34.34,POS,5.47,24.02,0.15,50,,,,,,
210,Tue Feb  5 15:59:48 20191,DIST,3,AN0,4897,15,-1,2,26.35,AN1,5C15,-1,15,2,10.33,AN2,17AF,30,30,2,26.36,POS,5.35,23.31,-0.13,50,,,,,,,DIST,2,AN0,D814,0,30,2,7.84,AN1,07A7,31,15,2,27.07,,,,,,,,,,,,,,,,,
211,Tue Feb  5 15:59:48 20192,DIST,3,AN0,5C15,-1,15,2,10.37,AN1,D814,0,30,2,7.8,AN2,17AF,30,30,2,26.46,POS,5.1,23.42,-0.01,50,,,,,,,DIST,2,AN0,D814,0,30,2,7.54,AN1,17AF,30,30,2,26.15,,,,,,,,,,,,,,,,,
212,Tue Feb  5 15:59:48 20193,DIST,3,AN0,5C15,-1,15,2,10.35,AN1,D814,0,30,2,7.77,AN2,17AF,30,30,2,26.47,POS,4.91,23.5,0.1,50,,,,,,,DIST,1,AN0,D814,0,30,2,7.39,,,,,,,,,,,,,,,,,,,,,,,
213,Tue Feb  5 15:59:48 20194,DIST,2,AN0,5C15,-1,15,2,10.41,AN1,17AF,30,30,2,26.48,,,,,,,,,,,,,,,,,,DIST,3,AN0,5C15,-1,15,2,10.77,AN1,D814,0,30,2,7.22,AN2,17AF,30,30,2,26.62,POS,5.12,24.1,0.14,50,,,,,,
214,Tue Feb  5 15:59:48 20195,DIST,3,AN0,4897,15,-1,2,26.71,AN1,5C15,-1,15,2,10.36,AN2,17AF,30,30,2,26.52,POS,4.79,23.47,-0.09,50,,,,,,,DIST,2,AN0,5C15,-1,15,2,10.67,AN1,D814,0,30,2,7.09,,,,,,,,,,,,,,,,,
215,Tue Feb  5 15:59:48 20196,DIST,3,AN0,4897,15,-1,2,26.62,AN1,5C15,-1,15,2,10.62,AN2,D814,0,30,2,7.72,,,,,,,,,,,,DIST,3,AN0,5C15,-1,15,2,10.57,AN1,D814,0,30,2,7,AN2,17AF,30,30,2,26.99,POS,4.76,24.15,0.17,50,,,,,,
216,Tue Feb  5 15:59:48 20197,DIST,3,AN0,4897,15,-1,2,26.88,AN1,5C15,-1,15,2,10.34,AN2,D814,0,30,2,7.71,POS,4.72,23.54,0.42,50,,,,,,,DIST,2,AN0,5C15,-1,15,2,10.46,AN1,D814,0,30,2,6.88,,,,,,,,,,,,,,,,,
217,Tue Feb  5 15:59:48 20198,DIST,2,AN0,C295,0,0,2,24.19,AN1,5C15,-1,15,2,10.21,,,,,,,,,,,,,,,,,,DIST,3,AN0,5C15,-1,15,2,10.53,AN1,D814,0,30,2,6.96,AN2,17AF,30,30,2,27.09,POS,4.46,24.19,0.17,50,,,,,,
218,Tue Feb  5 15:59:48 20199,DIST,3,AN0,C295,0,0,2,24.21,AN1,4897,15,-1,2,26.82,AN2,5C15,-1,15,2,10.39,POS,4.72,23.6,0.49,50,,,,,,,DIST,3,AN0,5C15,-1,15,2,10.53,AN1,D814,0,30,2,6.97,AN2,17AF,30,30,2,27.03,POS,4.26,24.22,0.21,50,,,,,,
219,Tue Feb  5 15:59:48 201910,DIST,3,AN0,4897,15,-1,2,26.79,AN1,5C15,-1,15,2,9.92,AN2,07A7,31,15,2,28.42,POS,4.52,23.52,0.25,50,,,,,,,DIST,2,AN0,D814,0,30,2,6.91,AN1,17AF,30,30,2,27.08,,,,,,,,,,,,,,,,,
220,Tue Feb  5 15:59:49 20191,DIST,4,AN0,4897,15,-1,2,26.95,AN1,5C15,-1,15,2,9.9,AN2,D814,0,30,2,7.19,AN3,17AF,30,30,2,27.49,POS,4.2,23.47,0.23,64,DIST,2,AN0,5C15,-1,15,2,10.55,AN1,D814,0,30,2,6.88,,,,,,,,,,,,,,,,,
221,Tue Feb  5 15:59:49 20192,DIST,3,AN0,4897,15,-1,2,26.89,AN1,5C15,-1,15,2,9.86,AN2,D814,0,30,2,7.16,,,,,,,,,,,,DIST,1,AN0,D814,0,30,2,6.88,,,,,,,,,,,,,,,,,,,,,,,
222,Tue Feb  5 15:59:49 20193,DIST,2,AN0,4897,15,-1,2,26.94,AN1,5C15,-1,15,2,9.83,,,,,,,,,,,,,,,,,,DIST,1,AN0,D814,0,30,2,7,,,,,,,,,,,,,,,,,,,,,,,
223,Tue Feb  5 15:59:49 20194,DIST,3,AN0,4897,15,-1,2,26.95,AN1,5C15,-1,15,2,9.83,AN2,07A7,31,15,2,28.5,POS,4.11,23.48,0.37,50,,,,,,,DIST,2,AN0,5C15,-1,15,2,9.99,AN1,D814,0,30,2,6.99,,,,,,,,,,,,,,,,,
224,Tue Feb  5 15:59:49 20195,DIST,2,AN0,4897,15,-1,2,26.97,AN1,5C15,-1,15,2,9.86,,,,,,,,,,,,,,,,,,DIST,2,AN0,5C15,-1,15,2,9.84,AN1,D814,0,30,2,6.81,,,,,,,,,,,,,,,,,
225,Tue Feb  5 15:59:49 20196,DIST,2,AN0,4897,15,-1,2,27.01,AN1,5C15,-1,15,2,9.84,,,,,,,,,,,,,,,,,,DIST,2,AN0,5C15,-1,15,2,9.67,AN1,D814,0,30,2,6.87,,,,,,,,,,,,,,,,,
226,Tue Feb  5 15:59:49 20197,DIST,4,AN0,4897,15,-1,2,26.96,AN1,5C15,-1,15,2,9.84,AN2,D814,0,30,2,6.99,AN3,15B8,30,0,2,35.37,,,,,,DIST,2,AN0,5C15,-1,15,2,9.52,AN1,D814,0,30,2,7.02,,,,,,,,,,,,,,,,,
227,Tue Feb  5 15:59:49 20198,DIST,4,AN0,4897,15,-1,2,26.93,AN1,5C15,-1,15,2,9.83,AN2,D814,0,30,2,7.08,AN3,17AF,30,30,2,27.63,,,,,,DIST,3,AN0,C295,0,0,2,23.7,AN1,5C15,-1,15,2,9.43,AN2,D814,0,30,2,7.06,,,,,,,,,,,
228,Tue Feb  5 15:59:49 20199,DIST,3,AN0,5C15,-1,15,2,10.09,AN1,D814,0,30,2,7.2,AN2,17AF,30,30,2,27.72,POS,3.85,23.59,0.19,50,,,,,,,DIST,2,AN0,5C15,-1,15,2,9.42,AN1,D814,0,30,2,7.12,,,,,,,,,,,,,,,,,
229,Tue Feb  5 15:59:49 201910,DIST,1,AN0,D814,0,30,2,7.27,,,,,,,,,,,,,,,,,,,,,,,,DIST,4,AN0,C295,0,0,2,23.67,AN1,4897,15,-1,2,26.81,AN2,5C15,-1,15,2,9.37,AN3,D814,0,30,2,7.14,POS,3.97,24.04,0.39,100
230,Tue Feb  5 15:59:50 20191,DIST,4,AN0,4897,15,-1,2,26.62,AN1,5C15,-1,15,2,9.92,AN2,D814,0,30,2,7.31,AN3,17AF,30,30,2,27.86,,,,,,DIST,4,AN0,C295,0,0,2,23.7,AN1,4897,15,-1,2,26.81,AN2,5C15,-1,15,2,9.36,AN3,D814,0,30,2,7.15,,,,,
231,Tue Feb  5 15:59:50 20192,DIST,2,AN0,5C15,-1,15,2,9.52,AN1,07A7,31,15,2,28.59,,,,,,,,,,,,,,,,,,DIST,3,AN0,4897,15,-1,2,26.86,AN1,5C15,-1,15,2,9.34,AN2,D814,0,30,2,7.09,,,,,,,,,,,
232,Tue Feb  5 15:59:50 20193,DIST,3,AN0,4897,15,-1,2,26.3,AN1,5C15,-1,15,2,9.62,AN2,07A7,31,15,2,28.58,POS,3.81,23.3,1.63,50,,,,,,,DIST,2,AN0,5C15,-1,15,2,9.3,AN1,D814,0,30,2,7.13,,,,,,,,,,,,,,,,,
233,Tue Feb  5 15:59:50 20194,DIST,2,AN0,5C15,-1,15,2,9.4,AN1,D814,0,30,2,7.74,,,,,,,,,,,,,,,,,,DIST,2,AN0,5C15,-1,15,2,9.27,AN1,D814,0,30,2,7.17,,,,,,,,,,,,,,,,,
234,Tue Feb  5 15:59:50 20195,DIST,4,AN0,4897,15,-1,2,26.13,AN1,5C15,-1,15,2,9.14,AN2,D814,0,30,2,7.72,AN3,17AF,30,30,2,28.24,,,,,,DIST,2,AN0,5C15,-1,15,2,9.17,AN1,D814,0,30,2,7.28,,,,,,,,,,,,,,,,,
235,Tue Feb  5 15:59:50 20196,DIST,3,AN0,4897,15,-1,2,26.14,AN1,D814,0,30,2,7.8,AN2,07A7,31,15,2,28.51,,,,,,,,,,,,DIST,2,AN0,5C15,-1,15,2,8.75,AN1,D814,0,30,2,7.5,,,,,,,,,,,,,,,,,
236,Tue Feb  5 15:59:50 20197,DIST,4,AN0,4897,15,-1,2,26.15,AN1,5C15,-1,15,2,9.02,AN2,D814,0,30,2,7.81,AN3,07A7,31,15,2,28.5,POS,3.75,23.2,1.36,100,DIST,2,AN0,5C15,-1,15,2,8.53,AN1,D814,0,30,2,7.74,,,,,,,,,,,,,,,,,
237,Tue Feb  5 15:59:50 20198,DIST,4,AN0,4897,15,-1,2,26.1,AN1,5C15,-1,15,2,9.05,AN2,D814,0,30,2,7.81,AN3,17AF,30,30,2,28.13,,,,,,DIST,3,AN0,C295,0,0,2,22.69,AN1,5C15,-1,15,2,8.57,AN2,D814,0,30,2,7.94,,,,,,,,,,,
238,Tue Feb  5 15:59:50 20199,DIST,3,AN0,4897,15,-1,2,26.14,AN1,D814,0,30,2,7.81,AN2,17AF,30,30,2,28.14,,,,,,,,,,,,DIST,3,AN0,C295,0,0,2,22.52,AN1,5C15,-1,15,2,8.4,AN2,D814,0,30,2,8.3,POS,3.8,23.6,0.53,50,,,,,,
239,Tue Feb  5 15:59:50 201910,DIST,4,AN0,4897,15,-1,2,26.08,AN1,5C15,-1,15,2,8.98,AN2,D814,0,30,2,7.88,AN3,07A7,31,15,2,28.51,POS,3.7,23.11,1.19,100,DIST,3,AN0,C295,0,0,2,22.42,AN1,5C15,-1,15,2,8.32,AN2,D814,0,30,2,8.39,POS,3.7,23.25,0.55,50,,,,,,
240,Tue Feb  5 15:59:51 20191,DIST,2,AN0,D814,0,30,2,8.07,AN1,17AF,30,30,2,28.09,,,,,,,,,,,,,,,,,,DIST,3,AN0,C295,0,0,2,22.33,AN1,5C15,-1,15,2,8.33,AN2,D814,0,30,2,8.42,,,,,,,,,,,
241,Tue Feb  5 15:59:51 20192,DIST,2,AN0,4897,15,-1,2,25.75,AN1,D814,0,30,2,8.33,,,,,,,,,,,,,,,,,,DIST,4,AN0,C295,0,0,2,22.35,AN1,5C15,-1,15,2,8.23,AN2,D814,0,30,2,8.48,AN3,15B8,30,0,2,34.65,POS,3.6,22.97,0.63,100
242,Tue Feb  5 15:59:51 20193,DIST,3,AN0,4897,15,-1,2,25.42,AN1,D814,0,30,2,8.56,AN2,07A7,31,15,2,28.2,,,,,,,,,,,,DIST,3,AN0,4897,15,-1,2,25.52,AN1,5C15,-1,15,2,8.2,AN2,D814,0,30,2,8.49,,,,,,,,,,,
243,Tue Feb  5 15:59:51 20194,DIST,2,AN0,4897,15,-1,2,25.14,AN1,5C15,-1,15,2,8.27,,,,,,,,,,,,,,,,,,DIST,4,AN0,C295,0,0,2,22.27,AN1,4897,15,-1,2,25.55,AN2,5C15,-1,15,2,8.11,AN3,D814,0,30,2,8.44,POS,3.47,22.75,0.73,100
244,Tue Feb  5 15:59:51 20195,DIST,3,AN0,4897,15,-1,2,24.89,AN1,5C15,-1,15,2,8.35,AN2,07A7,31,15,2,28.06,POS,3.72,22.58,2.23,50,,,,,,,DIST,2,AN0,5C15,-1,15,2,8.12,AN1,D814,0,30,2,8.45,,,,,,,,,,,,,,,,,
245,Tue Feb  5 15:59:51 20196,DIST,3,AN0,4897,15,-1,2,24.78,AN1,5C15,-1,15,2,8.18,AN2,D814,0,30,2,9.12,,,,,,,,,,,,DIST,2,AN0,5C15,-1,15,2,7.99,AN1,D814,0,30,2,8.62,,,,,,,,,,,,,,,,,
246,Tue Feb  5 15:59:51 20197,DIST,3,AN0,4897,15,-1,2,24.76,AN1,5C15,-1,15,2,7.75,AN2,D814,0,30,2,9.16,,,,,,,,,,,,DIST,2,AN0,5C15,-1,15,2,8.18,AN1,D814,0,30,2,8.94,,,,,,,,,,,,,,,,,
247,Tue Feb  5 15:59:51 20198,DIST,3,AN0,4897,15,-1,2,24.77,AN1,5C15,-1,15,2,7.83,AN2,07A7,31,15,2,28.07,POS,3.71,22.16,1.63,50,,,,,,,DIST,3,AN0,C295,0,0,2,21.6,AN1,5C15,-1,15,2,7.5,AN2,D814,0,30,2,9.04,POS,3.36,22.41,0.79,50,,,,,,
248,Tue Feb  5 15:59:51 20199,DIST,2,AN0,4897,15,-1,2,24.77,AN1,D814,0,30,2,9.21,,,,,,,,,,,,,,,,,,DIST,4,AN0,C295,0,0,2,21.25,AN1,4897,15,-1,2,24.69,AN2,5C15,-1,15,2,7.25,AN3,D814,0,30,2,9.34,,,,,
249,Tue Feb  5 15:59:51 201910,DIST,4,AN0,4897,15,-1,2,24.75,AN1,5C15,-1,15,2,7.91,AN2,D814,0,30,2,9.18,AN3,17AF,30,30,2,28.47,,,,,,DIST,2,AN0,5C15,-1,15,2,7.36,AN1,D814,0,30,2,9.64,,,,,,,,,,,,,,,,,
250,Tue Feb  5 15:59:52 20191,DIST,2,AN0,5C15,-1,15,2,7.76,AN1,D814,0,30,2,9.35,,,,,,,,,,,,,,,,,,DIST,3,AN0,C295,0,0,2,20.93,AN1,5C15,-1,15,2,7.28,AN2,D814,0,30,2,9.74,,,,,,,,,,,
251,Tue Feb  5 15:59:52 20192,DIST,3,AN0,4897,15,-1,2,24.47,AN1,D814,0,30,2,9.6,AN2,07A7,31,15,2,27.99,,,,,,,,,,,,DIST,3,AN0,C295,0,0,2,20.83,AN1,5C15,-1,15,2,7.02,AN2,D814,0,30,2,9.85,,,,,,,,,,,
252,Tue Feb  5 15:59:52 20193,DIST,3,AN0,4897,15,-1,2,24.2,AN1,D814,0,30,2,9.81,AN2,07A7,31,15,2,27.88,,,,,,,,,,,,DIST,3,AN0,C295,0,0,2,20.84,AN1,5C15,-1,15,2,6.9,AN2,D814,0,30,2,9.85,POS,3.25,21.96,0.9,50,,,,,,
253,Tue Feb  5 15:59:52 20194,DIST,4,AN0,4897,15,-1,2,23.88,AN1,5C15,-1,15,2,7.19,AN2,D814,0,30,2,10.09,AN3,07A7,31,15,2,27.84,POS,3.7,21.76,1.45,100,DIST,3,AN0,C295,0,0,2,20.86,AN1,5C15,-1,15,2,6.86,AN2,D814,0,30,2,9.83,POS,3.08,21.64,0.79,50,,,,,,
254,Tue Feb  5 15:59:52 20195,DIST,4,AN0,4897,15,-1,2,23.73,AN1,5C15,-1,15,2,6.78,AN2,D814,0,30,2,10.27,AN3,17AF,30,30,2,28.76,,,,,,DIST,2,AN0,5C15,-1,15,2,6.81,AN1,D814,0,30,2,9.82,,,,,,,,,,,,,,,,,
255,Tue Feb  5 15:59:52 20196,DIST,3,AN0,4897,15,-1,2,23.59,AN1,5C15,-1,15,2,6.7,AN2,D814,0,30,2,10.44,,,,,,,,,,,,DIST,2,AN0,5C15,-1,15,2,6.77,AN1,D814,0,30,2,9.9,,,,,,,,,,,,,,,,,
256,Tue Feb  5 15:59:52 20197,DIST,2,AN0,4897,15,-1,2,23.45,AN1,07A7,31,15,2,27.89,,,,,,,,,,,,,,,,,,DIST,2,AN0,5C15,-1,15,2,6.6,AN1,D814,0,30,2,10.27,,,,,,,,,,,,,,,,,
257,Tue Feb  5 15:59:52 20198,DIST,3,AN0,4897,15,-1,2,23.4,AN1,5C15,-1,15,2,6.68,AN2,07A7,31,15,2,27.81,POS,3.68,21.15,1.06,50,,,,,,,DIST,3,AN0,C295,0,0,2,20.25,AN1,5C15,-1,15,2,6.28,AN2,D814,0,30,2,10.28,POS,3,21.24,0.94,50,,,,,,
258,Tue Feb  5 15:59:52 20199,DIST,4,AN0,4897,15,-1,2,23.45,AN1,5C15,-1,15,2,6.66,AN2,D814,0,30,2,10.55,AN3,17AF,30,30,2,29.11,,,,,,DIST,3,AN0,C295,0,0,2,19.96,AN1,5C15,-1,15,2,6.23,AN2,D814,0,30,2,10.58,,,,,,,,,,,
259,Tue Feb  5 15:59:52 201910,DIST,3,AN0,4897,15,-1,2,23.41,AN1,D814,0,30,2,10.58,AN2,17AF,30,30,2,29.07,,,,,,,,,,,,DIST,3,AN0,C295,0,0,2,19.72,AN1,5C15,-1,15,2,6.09,AN2,D814,0,30,2,10.93,,,,,,,,,,,
260,Tue Feb  5 15:59:53 20191,DIST,3,AN0,4897,15,-1,2,23.36,AN1,5C15,-1,15,2,6.62,AN2,07A7,31,15,2,27.78,POS,3.67,20.69,0.81,50,,,,,,,DIST,3,AN0,C295,0,0,2,19.56,AN1,5C15,-1,15,2,6.05,AN2,D814,0,30,2,11.15,POS,3.15,20.76,0.76,50,,,,,,
261,Tue Feb  5 15:59:53 20192,DIST,3,AN0,5C15,-1,15,2,6.92,AN1,D814,0,30,2,10.74,AN2,17AF,30,30,2,29.04,POS,3.47,20.53,0.41,50,,,,,,,DIST,3,AN0,C295,0,0,2,19.41,AN1,5C15,-1,15,2,5.8,AN2,D814,0,30,2,11.16,,,,,,,,,,,
262,Tue Feb  5 15:59:53 20193,DIST,2,AN0,4897,15,-1,2,23.13,AN1,D814,0,30,2,11.01,,,,,,,,,,,,,,,,,,DIST,3,AN0,C295,0,0,2,19.38,AN1,5C15,-1,15,2,5.78,AN2,D814,0,30,2,11.26,POS,3.14,20.36,0.86,50,,,,,,
263,Tue Feb  5 15:59:53 20194,DIST,3,AN0,4897,15,-1,2,22.8,AN1,D814,0,30,2,11.33,AN2,17AF,30,30,2,29.02,,,,,,,,,,,,DIST,3,AN0,C295,0,0,2,19.35,AN1,5C15,-1,15,2,5.76,AN2,D814,0,30,2,11.29,POS,3.14,20.05,0.95,50,,,,,,
264,Tue Feb  5 15:59:53 20195,DIST,4,AN0,C295,0,0,2,19.29,AN1,4897,15,-1,2,22.58,AN2,5C15,-1,15,2,5.97,AN3,07A7,31,15,2,27.5,POS,3.54,20.03,0.62,66,DIST,3,AN0,C295,0,0,2,19.37,AN1,5C15,-1,15,2,5.72,AN2,D814,0,30,2,11.25,POS,3.07,19.82,1.06,50,,,,,,
265,Tue Feb  5 15:59:53 20196,DIST,3,AN0,4897,15,-1,2,22.33,AN1,5C15,-1,15,2,5.92,AN2,D814,0,30,2,11.68,,,,,,,,,,,,DIST,3,AN0,C295,0,0,2,19.31,AN1,5C15,-1,15,2,5.71,AN2,D814,0,30,2,11.28,POS,3.13,19.64,0.89,50,,,,,,
266,Tue Feb  5 15:59:53 20197,DIST,3,AN0,4897,15,-1,2,22.2,AN1,5C15,-1,15,2,5.7,AN2,D814,0,30,2,11.86,,,,,,,,,,,,DIST,2,AN0,5C15,-1,15,2,5.59,AN1,D814,0,30,2,11.49,,,,,,,,,,,,,,,,,
267,Tue Feb  5 15:59:53 20198,DIST,3,AN0,4897,15,-1,2,22.14,AN1,5C15,-1,15,2,5.72,AN2,07A7,31,15,2,27.51,POS,3.57,19.52,0.62,50,,,,,,,DIST,3,AN0,C295,0,0,2,19.03,AN1,5C15,-1,15,2,5.47,AN2,D814,0,30,2,11.61,POS,3.03,19.43,0.85,50,,,,,,
268,Tue Feb  5 15:59:53 20199,DIST,3,AN0,4897,15,-1,2,22.15,AN1,5C15,-1,15,2,5.79,AN2,D814,0,30,2,11.97,,,,,,,,,,,,DIST,3,AN0,C295,0,0,2,18.78,AN1,5C15,-1,15,2,5.26,AN2,D814,0,30,2,11.85,POS,2.91,19.21,0.74,50,,,,,,
269,Tue Feb  5 15:59:53 201910,DIST,4,AN0,4897,15,-1,2,22.19,AN1,5C15,-1,15,2,5.84,AN2,D814,0,30,2,11.98,AN3,17AF,30,30,2,29.47,,,,,,DIST,4,AN0,C295,0,0,2,18.38,AN1,4897,15,-1,2,22.3,AN2,5C15,-1,15,2,5.29,AN3,D814,0,30,2,12.09,POS,3.04,18.93,0.8,100
270,Tue Feb  5 15:59:54 20191,DIST,4,AN0,C295,0,0,2,18.72,AN1,4897,15,-1,2,22.13,AN2,5C15,-1,15,2,5.75,AN3,07A7,31,15,2,27.54,POS,3.6,19.23,0.9,100,DIST,4,AN0,C295,0,0,2,18.26,AN1,4897,15,-1,2,22.02,AN2,5C15,-1,15,2,4.97,AN3,D814,0,30,2,12.31,POS,3.07,18.7,0.76,100
271,Tue Feb  5 15:59:54 20192,DIST,3,AN0,4897,15,-1,2,22.06,AN1,D814,0,30,2,12.09,AN2,17AF,30,30,2,29.45,,,,,,,,,,,,DIST,2,AN0,5C15,-1,15,2,4.97,AN1,D814,0,30,2,12.52,,,,,,,,,,,,,,,,,
272,Tue Feb  5 15:59:54 20193,DIST,4,AN0,4897,15,-1,2,21.96,AN1,5C15,-1,15,2,5.42,AN2,D814,0,30,2,12.22,AN3,17AF,30,30,2,29.41,,,,,,DIST,3,AN0,C295,0,0,2,17.99,AN1,5C15,-1,15,2,4.8,AN2,D814,0,30,2,12.65,POS,2.94,18.46,0.64,50,,,,,,
273,Tue Feb  5 15:59:54 20194,DIST,3,AN0,4897,15,-1,2,21.82,AN1,5C15,-1,15,2,5.4,AN2,07A7,31,15,2,27.45,POS,3.62,18.83,1.04,50,,,,,,,DIST,3,AN0,C295,0,0,2,17.92,AN1,5C15,-1,15,2,4.78,AN2,D814,0,30,2,12.64,POS,3,18.27,0.65,50,,,,,,
274,Tue Feb  5 15:59:54 20195,DIST,4,AN0,4897,15,-1,2,21.58,AN1,5C15,-1,15,2,5.19,AN2,D814,0,30,2,12.76,AN3,17AF,30,30,2,29.68,,,,,,DIST,3,AN0,C295,0,0,2,17.96,AN1,5C15,-1,15,2,4.84,AN2,D814,0,30,2,12.61,,,,,,,,,,,
275,Tue Feb  5 15:59:54 20196,DIST,2,AN0,4897,15,-1,2,21.32,AN1,D814,0,30,2,12.96,,,,,,,,,,,,,,,,,,DIST,3,AN0,C295,0,0,2,17.99,AN1,5C15,-1,15,2,4.78,AN2,D814,0,30,2,12.62,POS,2.93,18.13,0.68,50,,,,,,
276,Tue Feb  5 15:59:54 20197,DIST,3,AN0,C295,0,0,2,17.62,AN1,4897,15,-1,2,21.13,AN2,5C15,-1,15,2,5.29,,,,,,,,,,,,DIST,3,AN0,C295,0,0,2,17.9,AN1,5C15,-1,15,2,4.79,AN2,D814,0,30,2,12.64,,,,,,,,,,,
277,Tue Feb  5 15:59:54 20198,DIST,4,AN0,C295,0,0,2,17.43,AN1,4897,15,-1,2,21.04,AN2,5C15,-1,15,2,4.84,AN3,07A7,31,15,2,27.49,POS,3.6,18.29,1.21,62,DIST,2,AN0,5C15,-1,15,2,4.8,AN1,D814,0,30,2,12.76,,,,,,,,,,,,,,,,,
278,Tue Feb  5 15:59:54 20199,DIST,3,AN0,4897,15,-1,2,20.93,AN1,5C15,-1,15,2,4.86,AN2,D814,0,30,2,13.34,,,,,,,,,,,,DIST,3,AN0,C295,0,0,2,17.67,AN1,5C15,-1,15,2,4.52,AN2,D814,0,30,2,13.01,POS,2.65,17.95,0.36,50,,,,,,
279,Tue Feb  5 15:59:54 201910,DIST,3,AN0,4897,15,-1,2,20.97,AN1,5C15,-1,15,2,5.07,AN2,D814,0,30,2,13.4,,,,,,,,,,,,DIST,3,AN0,C295,0,0,2,17.38,AN1,5C15,-1,15,2,4.47,AN2,D814,0,30,2,13.17,POS,2.75,17.75,0.51,50,,,,,,
280,Tue Feb  5 15:59:55 20191,DIST,3,AN0,C295,0,0,2,17.22,AN1,4897,15,-1,2,20.93,AN2,5C15,-1,15,2,4.97,,,,,,,,,,,,DIST,4,AN0,C295,0,0,2,17.02,AN1,4897,15,-1,2,21.18,AN2,5C15,-1,15,2,4.31,AN3,D814,0,30,2,13.45,,,,,
281,Tue Feb  5 15:59:55 20192,DIST,2,AN0,4897,15,-1,2,20.95,AN1,5C15,-1,15,2,4.84,,,,,,,,,,,,,,,,,,DIST,4,AN0,C295,0,0,2,16.83,AN1,4897,15,-1,2,20.85,AN2,5C15,-1,15,2,4.13,AN3,D814,0,30,2,13.79,,,,,
282,Tue Feb  5 15:59:55 20193,DIST,4,AN0,C295,0,0,2,17.22,AN1,4897,15,-1,2,20.91,AN2,5C15,-1,15,2,4.6,AN3,17AF,30,30,2,30.23,POS,3.49,17.76,1.02,0,DIST,4,AN0,C295,0,0,2,16.62,AN1,4897,15,-1,2,20.7,AN2,5C15,-1,15,2,4.07,AN3,D814,0,30,2,13.98,,,,,
283,Tue Feb  5 15:59:55 20194,DIST,4,AN0,4897,15,-1,2,20.75,AN1,5C15,-1,15,2,4.75,AN2,D814,0,30,2,13.54,AN3,17AF,30,30,2,30.19,,,,,,DIST,4,AN0,C295,0,0,2,16.53,AN1,4897,15,-1,2,20.66,AN2,5C15,-1,15,2,3.99,AN3,D814,0,30,2,13.97,POS,2.79,17.38,0.63,100
284,Tue Feb  5 15:59:55 20195,DIST,4,AN0,4897,15,-1,2,20.6,AN1,5C15,-1,15,2,4.6,AN2,D814,0,30,2,13.99,AN3,17AF,30,30,2,30.27,,,,,,DIST,4,AN0,C295,0,0,2,16.5,AN1,4897,15,-1,2,20.58,AN2,5C15,-1,15,2,4.07,AN3,D814,0,30,2,14.06,,,,,
285,Tue Feb  5 15:59:55 20196,DIST,3,AN0,4897,15,-1,2,20.3,AN1,5C15,-1,15,2,4.44,AN2,07A7,31,15,2,27.33,,,,,,,,,,,,DIST,4,AN0,C295,0,0,2,16.51,AN1,4897,15,-1,2,20.55,AN2,5C15,-1,15,2,4.03,AN3,D814,0,30,2,14.09,,,,,
286,Tue Feb  5 15:59:55 20197,DIST,2,AN0,4897,15,-1,2,20.1,AN1,5C15,-1,15,2,4.33,,,,,,,,,,,,,,,,,,DIST,3,AN0,C295,0,0,2,16.52,AN1,5C15,-1,15,2,4.06,AN2,D814,0,30,2,14.09,POS,2.69,17.1,0.51,50,,,,,,
287,Tue Feb  5 15:59:55 20198,DIST,4,AN0,C295,0,0,2,16.12,AN1,4897,15,-1,2,19.87,AN2,5C15,-1,15,2,4.54,AN3,07A7,31,15,2,27.4,POS,3.52,17.14,1.09,60,DIST,3,AN0,C295,0,0,2,16.39,AN1,5C15,-1,15,2,4.01,AN2,D814,0,30,2,14.1,,,,,,,,,,,
288,Tue Feb  5 15:59:55 20199,DIST,3,AN0,4897,15,-1,2,19.78,AN1,5C15,-1,15,2,4.35,AN2,D814,0,30,2,14.68,,,,,,,,,,,,DIST,2,AN0,5C15,-1,15,2,4,AN1,D814,0,30,2,14.22,,,,,,,,,,,,,,,,,
289,Tue Feb  5 15:59:55 201910,DIST,3,AN0,4897,15,-1,2,19.7,AN1,5C15,-1,15,2,4.46,AN2,D814,0,30,2,14.85,,,,,,,,,,,,DIST,3,AN0,C295,0,0,2,16.01,AN1,5C15,-1,15,2,3.93,AN2,D814,0,30,2,14.47,,,,,,,,,,,
290,Tue Feb  5 15:59:56 20191,DIST,2,AN0,4897,15,-1,2,19.69,AN1,5C15,-1,15,2,4.26,,,,,,,,,,,,,,,,,,DIST,4,AN0,C295,0,0,2,15.67,AN1,4897,15,-1,2,20.08,AN2,5C15,-1,15,2,3.88,AN3,D814,0,30,2,14.8,,,,,
291,Tue Feb  5 15:59:56 20192,DIST,2,AN0,4897,15,-1,2,19.68,AN1,5C15,-1,15,2,4.39,,,,,,,,,,,,,,,,,,DIST,4,AN0,C295,0,0,2,15.35,AN1,4897,15,-1,2,19.75,AN2,5C15,-1,15,2,3.81,AN3,D814,0,30,2,15.09,,,,,
292,Tue Feb  5 15:59:56 20193,DIST,4,AN0,4897,15,-1,2,19.7,AN1,5C15,-1,15,2,4.36,AN2,D814,0,30,2,14.89,AN3,07A7,31,15,2,27.4,POS,3.53,16.72,0.95,100,DIST,4,AN0,C295,0,0,2,15.23,AN1,4897,15,-1,2,19.6,AN2,5C15,-1,15,2,3.9,AN3,D814,0,30,2,15.27,,,,,
293,Tue Feb  5 15:59:56 20194,DIST,4,AN0,4897,15,-1,2,19.71,AN1,5C15,-1,15,2,4.34,AN2,D814,0,30,2,14.97,AN3,17AF,30,30,2,30.83,,,,,,DIST,4,AN0,C295,0,0,2,15.1,AN1,4897,15,-1,2,19.48,AN2,5C15,-1,15,2,3.92,AN3,D814,0,30,2,15.51,,,,,
294,Tue Feb  5 15:59:56 20195,DIST,4,AN0,4897,15,-1,2,19.58,AN1,5C15,-1,15,2,4.28,AN2,D814,0,30,2,14.96,AN3,17AF,30,30,2,30.84,,,,,,DIST,4,AN0,C295,0,0,2,15.04,AN1,4897,15,-1,2,19.4,AN2,5C15,-1,15,2,3.86,AN3,D814,0,30,2,15.57,,,,,
295,Tue Feb  5 15:59:56 20196,DIST,4,AN0,4897,15,-1,2,19.41,AN1,5C15,-1,15,2,4.25,AN2,D814,0,30,2,15.42,AN3,07A7,31,15,2,27.34,,,,,,DIST,4,AN0,C295,0,0,2,15.01,AN1,4897,15,-1,2,19.34,AN2,5C15,-1,15,2,3.89,AN3,D814,0,30,2,15.6,,,,,
296,Tue Feb  5 15:59:56 20197,DIST,4,AN0,4897,15,-1,2,19.11,AN1,5C15,-1,15,2,4.33,AN2,D814,0,30,2,15.68,AN3,07A7,31,15,2,27.33,,,,,,DIST,4,AN0,C295,0,0,2,15.03,AN1,4897,15,-1,2,19.37,AN2,5C15,-1,15,2,3.91,AN3,D814,0,30,2,15.6,,,,,
297,Tue Feb  5 15:59:56 20198,DIST,3,AN0,4897,15,-1,2,18.94,AN1,5C15,-1,15,2,4.36,AN2,07A7,31,15,2,27.33,,,,,,,,,,,,DIST,4,AN0,C295,0,0,2,14.95,AN1,4897,15,-1,2,19.39,AN2,5C15,-1,15,2,3.9,AN3,D814,0,30,2,15.61,POS,2.74,16.49,0.81,100
298,Tue Feb  5 15:59:56 20199,DIST,3,AN0,C295,0,0,2,14.65,AN1,4897,15,-1,2,18.64,AN2,5C15,-1,15,2,4.44,,,,,,,,,,,,DIST,3,AN0,C295,0,0,2,14.95,AN1,5C15,-1,15,2,3.92,AN2,D814,0,30,2,15.65,POS,2.7,16.03,0.74,50,,,,,,
299,Tue Feb  5 15:59:56 201910,DIST,4,AN0,C295,0,0,2,14.55,AN1,4897,15,-1,2,18.54,AN2,5C15,-1,15,2,4.53,AN3,07A7,31,15,2,27.43,POS,3.54,15.96,0.85,65,DIST,3,AN0,C295,0,0,2,14.77,AN1,5C15,-1,15,2,3.92,AN2,D814,0,30,2,15.73,,,,,,,,,,,
300,Tue Feb  5 15:59:57 20191,DIST,3,AN0,4897,15,-1,2,18.44,AN1,5C15,-1,15,2,4.69,AN2,D814,0,30,2,16.32,,,,,,,,,,,,DIST,3,AN0,C295,0,0,2,14.58,AN1,5C15,-1,15,2,3.91,AN2,D814,0,30,2,15.96,POS,2.74,15.59,0.99,50,,,,,,
301,Tue Feb  5 15:59:57 20192,DIST,3,AN0,4897,15,-1,2,18.48,AN1,5C15,-1,15,2,4.65,AN2,D814,0,30,2,16.36,,,,,,,,,,,,DIST,3,AN0,C295,0,0,2,14.34,AN1,5C15,-1,15,2,4.02,AN2,D814,0,30,2,16.29,POS,2.64,15.2,0.74,50,,,,,,
302,Tue Feb  5 15:59:57 20193,DIST,3,AN0,4897,15,-1,2,18.44,AN1,5C15,-1,15,2,4.48,AN2,07A7,31,15,2,27.42,,,,,,,,,,,,DIST,4,AN0,C295,0,0,2,14.06,AN1,4897,15,-1,2,18.66,AN2,5C15,-1,15,2,4.23,AN3,D814,0,30,2,16.43,,,,,
303,Tue Feb  5 15:59:57 20194,DIST,4,AN0,C295,0,0,2,14.36,AN1,4897,15,-1,2,18.43,AN2,5C15,-1,15,2,4.45,AN3,07A7,31,15,2,27.45,POS,3.54,15.47,0.81,100,DIST,4,AN0,C295,0,0,2,13.85,AN1,4897,15,-1,2,18.42,AN2,5C15,-1,15,2,4.22,AN3,D814,0,30,2,16.77,,,,,
304,Tue Feb  5 15:59:57 20195,DIST,4,AN0,4897,15,-1,2,18.48,AN1,5C15,-1,15,2,4.47,AN2,D814,0,30,2,16.4,AN3,17AF,30,30,2,31.5,,,,,,DIST,3,AN0,C295,0,0,2,13.71,AN1,4897,15,-1,2,18.35,AN2,5C15,-1,15,2,4.3,,,,,,,,,,,
305,Tue Feb  5 15:59:57 20196,DIST,4,AN0,4897,15,-1,2,18.31,AN1,5C15,-1,15,2,4.54,AN2,D814,0,30,2,16.68,AN3,17AF,30,30,2,31.54,,,,,,DIST,4,AN0,C295,0,0,2,13.6,AN1,4897,15,-1,2,18.2,AN2,5C15,-1,15,2,4.45,AN3,D814,0,30,2,17.06,POS,2.71,14.71,0.78,100
306,Tue Feb  5 15:59:57 20197,DIST,1,AN0,5C15,-1,15,2,4.53,,,,,,,,,,,,,,,,,,,,,,,,DIST,4,AN0,C295,0,0,2,13.63,AN1,4897,15,-1,2,18.23,AN2,5C15,-1,15,2,4.58,AN3,D814,0,30,2,16.99,,,,,
307,Tue Feb  5 15:59:57 20198,DIST,2,AN0,5C15,-1,15,2,4.73,AN1,07A7,31,15,2,27.31,,,,,,,,,,,,,,,,,,DIST,4,AN0,C295,0,0,2,13.6,AN1,4897,15,-1,2,18.27,AN2,5C15,-1,15,2,4.52,AN3,D814,0,30,2,16.99,,,,,
308,Tue Feb  5 15:59:57 20199,DIST,4,AN0,4897,15,-1,2,17.63,AN1,5C15,-1,15,2,4.84,AN2,D814,0,30,2,17.37,AN3,07A7,31,15,2,27.36,,,,,,DIST,3,AN0,C295,0,0,2,13.63,AN1,5C15,-1,15,2,4.22,AN2,D814,0,30,2,16.97,POS,2.66,14.35,0.67,50,,,,,,
309,Tue Feb  5 15:59:57 201910,DIST,3,AN0,C295,0,0,2,13.21,AN1,4897,15,-1,2,17.45,AN2,5C15,-1,15,2,4.99,,,,,,,,,,,,DIST,4,AN0,C295,0,0,2,13.34,AN1,4897,15,-1,2,18.26,AN2,5C15,-1,15,2,4.67,AN3,D814,0,30,2,17.13,POS,2.8,14,0.93,100
310,Tue Feb  5 15:59:58 20191,DIST,2,AN0,4897,15,-1,2,17.45,AN1,5C15,-1,15,2,5.09,,,,,,,,,,,,,,,,,,DIST,2,AN0,5C15,-1,15,2,4.52,AN1,D814,0,30,2,17.32,,,,,,,,,,,,,,,,,
311,Tue Feb  5 15:59:58 20192,DIST,3,AN0,C295,0,0,2,13.04,AN1,4897,15,-1,2,17.32,AN2,5C15,-1,15,2,5.28,,,,,,,,,,,,DIST,3,AN0,C295,0,0,2,13.16,AN1,5C15,-1,15,2,4.38,AN2,D814,0,30,2,17.46,POS,2.62,13.7,0.64,50,,,,,,
312,Tue Feb  5 15:59:58 20193,DIST,3,AN0,C295,0,0,2,13.09,AN1,4897,15,-1,2,17.34,AN2,5C15,-1,15,2,5.08,,,,,,,,,,,,DIST,4,AN0,C295,0,0,2,12.91,AN1,4897,15,-1,2,17.71,AN2,5C15,-1,15,2,4.69,AN3,D814,0,30,2,17.75,,,,,
313,Tue Feb  5 15:59:58 20194,DIST,4,AN0,C295,0,0,2,13.05,AN1,4897,15,-1,2,17.38,AN2,5C15,-1,15,2,5.08,AN3,07A7,31,15,2,27.55,POS,3.54,14.75,0.91,100,DIST,4,AN0,C295,0,0,2,12.6,AN1,4897,15,-1,2,17.41,AN2,5C15,-1,15,2,4.78,AN3,D814,0,30,2,17.97,POS,2.73,13.34,0.69,100
314,Tue Feb  5 15:59:58 20195,DIST,4,AN0,C295,0,0,2,13.05,AN1,4897,15,-1,2,17.38,AN2,5C15,-1,15,2,5.02,AN3,07A7,31,15,2,27.51,POS,3.55,14.21,0.88,100,DIST,4,AN0,C295,0,0,2,12.43,AN1,4897,15,-1,2,17.38,AN2,5C15,-1,15,2,4.88,AN3,D814,0,30,2,18.23,,,,,
315,Tue Feb  5 15:59:58 20196,DIST,2,AN0,4897,15,-1,2,17.33,AN1,5C15,-1,15,2,5.17,,,,,,,,,,,,,,,,,,DIST,3,AN0,C295,0,0,2,12.31,AN1,4897,15,-1,2,17.26,AN2,5C15,-1,15,2,4.95,,,,,,,,,,,
316,Tue Feb  5 15:59:58 20197,DIST,2,AN0,4897,15,-1,2,17.23,AN1,5C15,-1,15,2,5.27,,,,,,,,,,,,,,,,,,DIST,3,AN0,C295,0,0,2,12.23,AN1,5C15,-1,15,2,5,AN2,D814,0,30,2,18.51,POS,2.42,12.95,0.29,50,,,,,,
317,Tue Feb  5 15:59:58 20198,DIST,3,AN0,4897,15,-1,2,17.07,AN1,5C15,-1,15,2,5.27,AN2,D814,0,30,2,18.37,,,,,,,,,,,,DIST,4,AN0,C295,0,0,2,12.26,AN1,4897,15,-1,2,17.13,AN2,5C15,-1,15,2,5.05,AN3,D814,0,30,2,18.49,,,,,
318,Tue Feb  5 15:59:58 20199,DIST,4,AN0,4897,15,-1,2,16.73,AN1,5C15,-1,15,2,5.35,AN2,D814,0,30,2,18.68,AN3,07A7,31,15,2,27.52,,,,,,DIST,4,AN0,C295,0,0,2,12.25,AN1,4897,15,-1,2,17.15,AN2,5C15,-1,15,2,5.05,AN3,D814,0,30,2,18.49,,,,,
319,Tue Feb  5 15:59:58 201910,DIST,2,AN0,4897,15,-1,2,16.54,AN1,D814,0,30,2,18.85,,,,,,,,,,,,,,,,,,DIST,3,AN0,C295,0,0,2,12.09,AN1,5C15,-1,15,2,5.14,AN2,D814,0,30,2,18.48,,,,,,,,,,,
320,Tue Feb  5 15:59:59 20191,DIST,3,AN0,C295,0,0,2,11.83,AN1,4897,15,-1,2,16.4,AN2,5C15,-1,15,2,5.83,,,,,,,,,,,,DIST,4,AN0,C295,0,0,2,12.06,AN1,4897,15,-1,2,17.17,AN2,5C15,-1,15,2,5.13,AN3,D814,0,30,2,18.55,,,,,
321,Tue Feb  5 15:59:59 20192,DIST,1,AN0,4897,15,-1,2,16.3,,,,,,,,,,,,,,,,,,,,,,,,DIST,2,AN0,5C15,-1,15,2,5.27,AN1,D814,0,30,2,18.64,,,,,,,,,,,,,,,,,
322,Tue Feb  5 15:59:59 20193,DIST,3,AN0,C295,0,0,2,11.59,AN1,4897,15,-1,2,16.28,AN2,5C15,-1,15,2,5.8,,,,,,,,,,,,DIST,3,AN0,C295,0,0,2,11.76,AN1,5C15,-1,15,2,5.35,AN2,D814,0,30,2,18.96,POS,2.28,12.54,0.07,50,,,,,,
323,Tue Feb  5 15:59:59 20194,DIST,4,AN0,C295,0,0,2,11.61,AN1,4897,15,-1,2,16.34,AN2,5C15,-1,15,2,5.87,AN3,17AF,30,30,2,33.05,,,,,,DIST,4,AN0,C295,0,0,2,11.45,AN1,4897,15,-1,2,16.66,AN2,5C15,-1,15,2,5.46,AN3,D814,0,30,2,19.25,,,,,
324,Tue Feb  5 15:59:59 20195,DIST,4,AN0,C295,0,0,2,11.62,AN1,4897,15,-1,2,16.31,AN2,5C15,-1,15,2,5.87,AN3,17AF,30,30,2,33.09,,,,,,DIST,4,AN0,C295,0,0,2,11.16,AN1,4897,15,-1,2,16.46,AN2,5C15,-1,15,2,5.66,AN3,D814,0,30,2,19.5,,,,,
325,Tue Feb  5 15:59:59 20196,DIST,3,AN0,4897,15,-1,2,16.3,AN1,5C15,-1,15,2,5.85,AN2,07A7,31,15,2,27.82,,,,,,,,,,,,DIST,4,AN0,C295,0,0,2,10.97,AN1,4897,15,-1,2,16.32,AN2,5C15,-1,15,2,5.91,AN3,D814,0,30,2,19.78,POS,2.56,12.03,0.31,100
326,Tue Feb  5 15:59:59 20197,DIST,3,AN0,4897,15,-1,2,16.25,AN1,5C15,-1,15,2,5.89,AN2,07A7,31,15,2,27.74,,,,,,,,,,,,DIST,3,AN0,C295,0,0,2,10.86,AN1,5C15,-1,15,2,5.94,AN2,D814,0,30,2,19.79,POS,2.48,11.63,0.23,50,,,,,,
327,Tue Feb  5 15:59:59 20198,DIST,3,AN0,4897,15,-1,2,16.31,AN1,5C15,-1,15,2,5.99,AN2,D814,0,30,2,19.64,POS,3.51,13.3,0.73,50,,,,,,,DIST,2,AN0,5C15,-1,15,2,5.99,AN1,D814,0,30,2,19.94,,,,,,,,,,,,,,,,,
328,Tue Feb  5 15:59:59 20199,DIST,3,AN0,4897,15,-1,2,16.1,AN1,5C15,-1,15,2,6.19,AN2,D814,0,30,2,19.91,POS,3.48,12.55,0.61,50,,,,,,,DIST,3,AN0,C295,0,0,2,10.79,AN1,5C15,-1,15,2,5.95,AN2,D814,0,30,2,19.93,POS,2.19,11.3,-0.04,50,,,,,,
329,Tue Feb  5 15:59:59 201910,DIST,3,AN0,C295,0,0,2,10.83,AN1,4897,15,-1,2,15.7,AN2,5C15,-1,15,2,6.38,,,,,,,,,,,,DIST,3,AN0,C295,0,0,2,10.85,AN1,5C15,-1,15,2,5.99,AN2,D814,0,30,2,19.94,POS,1.91,11.06,1.25,50,,,,,,
330,Tue Feb  5 16:00:00 20191,DIST,4,AN0,C295,0,0,2,10.49,AN1,4897,15,-1,2,15.49,AN2,5C15,-1,15,2,6.68,AN3,07A7,31,15,2,27.88,POS,3.5,11.9,0.65,100,DIST,3,AN0,C295,0,0,2,10.74,AN1,5C15,-1,15,2,6.02,AN2,D814,0,30,2,19.95,POS,1.88,10.87,0.81,50,,,,,,
331,Tue Feb  5 16:00:00 20192,DIST,3,AN0,C295,0,0,2,10.34,AN1,4897,15,-1,2,15.37,AN2,5C15,-1,15,2,6.84,,,,,,,,,,,,DIST,3,AN0,C295,0,0,2,10.65,AN1,5C15,-1,15,2,6.07,AN2,D814,0,30,2,19.98,POS,1.98,10.71,0.64,50,,,,,,
332,Tue Feb  5 16:00:00 20193,DIST,3,AN0,C295,0,0,2,10.19,AN1,4897,15,-1,2,15.32,AN2,5C15,-1,15,2,6.9,,,,,,,,,,,,DIST,3,AN0,C295,0,0,2,10.56,AN1,5C15,-1,15,2,6.16,AN2,D814,0,30,2,20.21,POS,1.72,10.54,1.75,50,,,,,,
333,Tue Feb  5 16:00:00 20194,DIST,4,AN0,C295,0,0,2,10.21,AN1,4897,15,-1,2,15.33,AN2,5C15,-1,15,2,6.78,AN3,17AF,30,30,2,33.89,,,,,,DIST,3,AN0,C295,0,0,2,10.28,AN1,5C15,-1,15,2,6.4,AN2,D814,0,30,2,20.38,POS,1.84,10.37,1.3,50,,,,,,
334,Tue Feb  5 16:00:00 20195,DIST,3,AN0,4897,15,-1,2,15.36,AN1,5C15,-1,15,2,6.8,AN2,17AF,30,30,2,33.99,,,,,,,,,,,,DIST,4,AN0,C295,0,0,2,9.97,AN1,4897,15,-1,2,15.7,AN2,5C15,-1,15,2,6.58,AN3,D814,0,30,2,20.75,POS,2.2,10.15,1.2,100
335,Tue Feb  5 16:00:00 20196,DIST,4,AN0,C295,0,0,2,10.22,AN1,4897,15,-1,2,15.36,AN2,5C15,-1,15,2,6.76,AN3,17AF,30,30,2,33.98,,,,,,DIST,4,AN0,C295,0,0,2,9.8,AN1,4897,15,-1,2,15.53,AN2,5C15,-1,15,2,6.76,AN3,D814,0,30,2,20.99,POS,2.47,9.92,1.21,100
336,Tue Feb  5 16:00:00 20197,DIST,3,AN0,4897,15,-1,2,15.34,AN1,5C15,-1,15,2,6.77,AN2,17AF,30,30,2,34.01,,,,,,,,,,,,DIST,4,AN0,C295,0,0,2,9.58,AN1,4897,15,-1,2,15.43,AN2,5C15,-1,15,2,6.98,AN3,D814,0,30,2,21.16,POS,2.67,9.74,0.96,100
337,Tue Feb  5 16:00:00 20198,DIST,3,AN0,4897,15,-1,2,15.28,AN1,5C15,-1,15,2,6.86,AN2,17AF,30,30,2,34.02,,,,,,,,,,,,DIST,3,AN0,C295,0,0,2,9.5,AN1,4897,15,-1,2,15.38,AN2,5C15,-1,15,2,7.11,POS,2.82,9.57,0.81,50,,,,,,
338,Tue Feb  5 16:00:00 20199,DIST,3,AN0,4897,15,-1,2,15.3,AN1,5C15,-1,15,2,7.07,AN2,D814,0,30,2,21.1,,,,,,,,,,,,DIST,4,AN0,C295,0,0,2,9.4,AN1,4897,15,-1,2,15.26,AN2,5C15,-1,15,2,7.21,AN3,D814,0,30,2,21.41,POS,2.94,9.42,0.67,96
339,Tue Feb  5 16:00:00 201910,DIST,4,AN0,4897,15,-1,2,15.14,AN1,5C15,-1,15,2,7.28,AN2,D814,0,30,2,21.37,AN3,07A7,31,15,2,28.13,POS,3.49,11.17,0.53,100,DIST,4,AN0,C295,0,0,2,9.42,AN1,4897,15,-1,2,15.27,AN2,5C15,-1,15,2,7.13,AN3,D814,0,30,2,21.37,POS,3.04,9.32,0.53,96
340,Tue Feb  5 16:00:01 20191,DIST,4,AN0,4897,15,-1,2,14.65,AN1,5C15,-1,15,2,7.46,AN2,D814,0,30,2,21.53,AN3,07A7,31,15,2,28.08,,,,,,DIST,4,AN0,C295,0,0,2,9.44,AN1,4897,15,-1,2,15.25,AN2,5C15,-1,15,2,7.08,AN3,D814,0,30,2,21.37,POS,3.11,9.21,0.67,100
341,Tue Feb  5 16:00:01 20192,DIST,3,AN0,C295,0,0,2,9.24,AN1,4897,15,-1,2,14.62,AN2,5C15,-1,15,2,7.78,POS,3.57,10.53,0.43,50,,,,,,,DIST,3,AN0,C295,0,0,2,9.37,AN1,5C15,-1,15,2,7.17,AN2,D814,0,30,2,21.41,POS,2.63,9.11,0.27,50,,,,,,
342,Tue Feb  5 16:00:01 20193,DIST,2,AN0,4897,15,-1,2,14.49,AN1,5C15,-1,15,2,7.93,,,,,,,,,,,,,,,,,,DIST,3,AN0,C295,0,0,2,9.29,AN1,5C15,-1,15,2,7.17,AN2,D814,0,30,2,21.43,POS,2.3,9.03,0.02,50,,,,,,
343,Tue Feb  5 16:00:01 20194,DIST,3,AN0,C295,0,0,2,9,AN1,4897,15,-1,2,14.42,AN2,5C15,-1,15,2,7.97,POS,3.65,9.99,0.32,50,,,,,,,DIST,3,AN0,5C15,-1,15,2,7.31,AN1,D814,0,30,2,21.52,AN2,17AF,30,30,2,34.86,POS,2.34,8.94,0.25,50,,,,,,
344,Tue Feb  5 16:00:01 20195,DIST,4,AN0,C295,0,0,2,8.85,AN1,4897,15,-1,2,14.39,AN2,5C15,-1,15,2,7.92,AN3,D814,0,30,2,22.06,,,,,,DIST,3,AN0,C295,0,0,2,8.93,AN1,5C15,-1,15,2,7.57,AN2,D814,0,30,2,21.86,POS,2.08,8.79,-0.03,50,,,,,,
345,Tue Feb  5 16:00:01 20196,DIST,4,AN0,C295,0,0,2,8.82,AN1,4897,15,-1,2,14.46,AN2,5C15,-1,15,2,7.93,AN3,17AF,30,30,2,34.86,,,,,,DIST,3,AN0,C295,0,0,2,8.65,AN1,5C15,-1,15,2,7.77,AN2,D814,0,30,2,22.16,POS,1.73,8.61,1.25,50,,,,,,
346,Tue Feb  5 16:00:01 20197,DIST,4,AN0,C295,0,0,2,8.85,AN1,4897,15,-1,2,14.47,AN2,5C15,-1,15,2,7.96,AN3,17AF,30,30,2,34.87,POS,3.66,9.56,0.24,0,DIST,3,AN0,C295,0,0,2,8.4,AN1,5C15,-1,15,2,8.01,AN2,D814,0,30,2,22.4,POS,1.53,8.41,0.7,50,,,,,,
347,Tue Feb  5 16:00:01 20198,DIST,3,AN0,4897,15,-1,2,14.45,AN1,5C15,-1,15,2,7.97,AN2,17AF,30,30,2,34.93,,,,,,,,,,,,DIST,3,AN0,C295,0,0,2,8.25,AN1,5C15,-1,15,2,8.29,AN2,D814,0,30,2,22.62,POS,1.49,8.21,0.3,50,,,,,,
348,Tue Feb  5 16:00:01 20199,DIST,3,AN0,4897,15,-1,2,14.46,AN1,5C15,-1,15,2,8.02,AN2,17AF,30,30,2,34.96,,,,,,,,,,,,DIST,3,AN0,C295,0,0,2,8.13,AN1,4897,15,-1,2,14.48,AN2,5C15,-1,15,2,8.33,POS,1.94,8.07,0.3,50,,,,,,
349,Tue Feb  5 16:00:01 201910,DIST,3,AN0,4897,15,-1,2,14.43,AN1,5C15,-1,15,2,8.28,AN2,D814,0,30,2,22.54,POS,3.56,9.07,0.17,50,,,,,,,DIST,4,AN0,C295,0,0,2,8.1,AN1,4897,15,-1,2,14.47,AN2,5C15,-1,15,2,8.41,AN3,D814,0,30,2,22.89,POS,2.26,7.95,0.34,82
350,Tue Feb  5 16:00:02 20191,DIST,4,AN0,4897,15,-1,2,14.23,AN1,5C15,-1,15,2,8.51,AN2,D814,0,30,2,22.77,AN3,07A7,31,15,2,28.51,POS,3.53,8.68,0.17,100,DIST,4,AN0,C295,0,0,2,8.11,AN1,4897,15,-1,2,14.46,AN2,5C15,-1,15,2,8.36,AN3,D814,0,30,2,22.81,POS,2.52,7.86,0.34,88
351,Tue Feb  5 16:00:02 20192,DIST,3,AN0,4897,15,-1,2,14.07,AN1,5C15,-1,15,2,8.7,AN2,07A7,31,15,2,28.55,POS,3.51,8.33,0.13,50,,,,,,,DIST,3,AN0,C295,0,0,2,8.06,AN1,5C15,-1,15,2,8.34,AN2,D814,0,30,2,22.81,POS,2,7.75,1.54,50,,,,,,
352,Tue Feb  5 16:00:02 20193,DIST,4,AN0,C295,0,0,2,7.99,AN1,4897,15,-1,2,13.76,AN2,5C15,-1,15,2,8.97,AN3,07A7,31,15,2,28.62,POS,3.59,8.05,0.15,70,DIST,3,AN0,C295,0,0,2,8.11,AN1,5C15,-1,15,2,8.39,AN2,D814,0,30,2,22.85,POS,1.55,7.66,2.49,50,,,,,,
353,Tue Feb  5 16:00:02 20194,DIST,3,AN0,C295,0,0,2,7.76,AN1,4897,15,-1,2,13.65,AN2,5C15,-1,15,2,9.15,POS,3.64,7.79,0.17,50,,,,,,,DIST,3,AN0,C295,0,0,2,7.97,AN1,5C15,-1,15,2,8.47,AN2,D814,0,30,2,22.87,POS,1.49,7.58,1.66,50,,,,,,
354,Tue Feb  5 16:00:02 20195,DIST,4,AN0,C295,0,0,2,7.59,AN1,4897,15,-1,2,13.67,AN2,5C15,-1,15,2,9.19,AN3,07A7,31,15,2,28.68,POS,3.65,7.57,0.17,87,DIST,3,AN0,C295,0,0,2,7.82,AN1,5C15,-1,15,2,8.61,AN2,D814,0,30,2,23.02,POS,1.45,7.48,1.05,50,,,,,,
355,Tue Feb  5 16:00:02 20196,DIST,3,AN0,C295,0,0,2,7.61,AN1,4897,15,-1,2,13.68,AN2,5C15,-1,15,2,9.17,POS,3.66,7.4,0.16,50,,,,,,,DIST,3,AN0,C295,0,0,2,7.61,AN1,5C15,-1,15,2,8.86,AN2,D814,0,30,2,23.31,POS,1.34,7.34,2.04,50,,,,,,
356,Tue Feb  5 16:00:02 20197,DIST,3,AN0,C295,0,0,2,7.63,AN1,4897,15,-1,2,13.65,AN2,5C15,-1,15,2,9.16,POS,3.68,7.28,0.15,50,,,,,,,DIST,3,AN0,C295,0,0,2,7.32,AN1,5C15,-1,15,2,9.03,AN2,D814,0,30,2,23.58,POS,1.1,7.16,2.8,50,,,,,,
357,Tue Feb  5 16:00:02 20198,DIST,4,AN0,C295,0,0,2,7.63,AN1,4897,15,-1,2,13.65,AN2,5C15,-1,15,2,9.17,AN3,17AF,30,30,2,35.86,POS,3.69,7.19,0.14,0,DIST,2,AN0,C295,0,0,2,7.14,AN1,D814,0,30,2,23.87,,,,,,,,,,,,,,,,,
358,Tue Feb  5 16:00:02 20199,DIST,3,AN0,4897,15,-1,2,13.66,AN1,5C15,-1,15,2,9.21,AN2,17AF,30,30,2,35.87,,,,,,,,,,,,DIST,3,AN0,C295,0,0,2,6.9,AN1,5C15,-1,15,2,9.55,AN2,D814,0,30,2,24.12,POS,0.88,6.89,3.41,50,,,,,,
359,Tue Feb  5 16:00:02 201910,DIST,3,AN0,4897,15,-1,2,13.98,AN1,5C15,-1,15,2,9.32,AN2,17AF,30,30,2,35.85,POS,3.51,6.99,0.14,50,,,,,,,DIST,4,AN0,C295,0,0,2,6.87,AN1,4897,15,-1,2,13.81,AN2,5C15,-1,15,2,9.63,AN3,D814,0,30,2,24.19,POS,1.45,6.73,2.75,83
360,Tue Feb  5 16:00:03 20191,DIST,4,AN0,4897,15,-1,2,13.6,AN1,5C15,-1,15,2,9.6,AN2,D814,0,30,2,23.99,AN3,07A7,31,15,2,28.85,POS,3.49,6.82,0.21,98,DIST,4,AN0,C295,0,0,2,6.79,AN1,4897,15,-1,2,13.82,AN2,5C15,-1,15,2,9.69,AN3,D814,0,30,2,24.28,POS,1.87,6.58,2.28,81
361,Tue Feb  5 16:00:03 20192,DIST,4,AN0,4897,15,-1,2,13.5,AN1,5C15,-1,15,2,9.88,AN2,D814,0,30,2,24.35,AN3,07A7,31,15,2,28.99,POS,3.47,6.63,0.3,89,DIST,3,AN0,C295,0,0,2,6.79,AN1,5C15,-1,15,2,9.64,AN2,D814,0,30,2,24.26,POS,1.33,6.43,3.02,50,,,,,,
362,Tue Feb  5 16:00:03 20193,DIST,4,AN0,4897,15,-1,2,13.38,AN1,5C15,-1,15,2,10.03,AN2,D814,0,30,2,24.54,AN3,07A7,31,15,2,29.06,POS,3.44,6.43,0.33,92,DIST,3,AN0,C295,0,0,2,6.8,AN1,5C15,-1,15,2,9.69,AN2,D814,0,30,2,24.32,POS,0.87,6.3,3.6,50,,,,,,
363,Tue Feb  5 16:00:03 20194,DIST,4,AN0,C295,0,0,2,6.62,AN1,4897,15,-1,2,13.05,AN2,5C15,-1,15,2,10.32,AN3,07A7,31,15,2,29.13,POS,3.44,6.17,0.18,100,DIST,3,AN0,C295,0,0,2,6.72,AN1,5C15,-1,15,2,9.73,AN2,D814,0,30,2,24.26,POS,0.87,6.21,3.95,50,,,,,,
364,Tue Feb  5 16:00:03 20195,DIST,3,AN0,C295,0,0,2,6.45,AN1,4897,15,-1,2,13.07,AN2,5C15,-1,15,2,10.53,POS,3.47,5.99,0.38,50,,,,,,,DIST,4,AN0,C295,0,0,2,6.65,AN1,5C15,-1,15,2,9.81,AN2,D814,0,30,2,24.4,AN3,17AF,30,30,2,36.66,POS,1.25,6.15,3.03,82
365,Tue Feb  5 16:00:03 20196,DIST,4,AN0,C295,0,0,2,6.31,AN1,4897,15,-1,2,13,AN2,5C15,-1,15,2,10.53,AN3,07A7,31,15,2,29.36,POS,3.5,5.85,0.41,73,DIST,3,AN0,C295,0,0,2,6.5,AN1,5C15,-1,15,2,10.1,AN2,D814,0,30,2,24.65,POS,1.06,6,3.6,50,,,,,,
366,Tue Feb  5 16:00:03 20197,DIST,2,AN0,4897,15,-1,2,13.01,AN1,5C15,-1,15,2,10.48,,,,,,,,,,,,,,,,,,DIST,3,AN0,C295,0,0,2,6.16,AN1,5C15,-1,15,2,10.36,AN2,D814,0,30,2,24.9,POS,1.09,5.83,2.47,50,,,,,,
367,Tue Feb  5 16:00:03 20198,DIST,2,AN0,4897,15,-1,2,13.03,AN1,5C15,-1,15,2,10.48,,,,,,,,,,,,,,,,,,DIST,3,AN0,C295,0,0,2,5.98,AN1,5C15,-1,15,2,10.52,AN2,D814,0,30,2,25.25,POS,0.57,5.61,3.15,50,,,,,,
368,Tue Feb  5 16:00:03 20199,DIST,4,AN0,4897,15,-1,2,13.06,AN1,5C15,-1,15,2,10.54,AN2,D814,0,30,2,25.11,AN3,17AF,30,30,2,36.91,,,,,,DIST,3,AN0,C295,0,0,2,5.73,AN1,5C15,-1,15,2,10.91,AN2,D814,0,30,2,25.63,POS,0.21,5.36,3.68,50,,,,,,
369,Tue Feb  5 16:00:03 201910,DIST,3,AN0,4897,15,-1,2,13.09,AN1,5C15,-1,15,2,10.58,AN2,D814,0,30,2,25.16,,,,,,,,,,,,DIST,2,AN0,C295,0,0,2,5.56,AN1,D814,0,30,2,25.72,,,,,,,,,,,,,,,,,
370,Tue Feb  5 16:00:04 20191,DIST,2,AN0,4897,15,-1,2,13.21,AN1,5C15,-1,15,2,10.75,,,,,,,,,,,,,,,,,,DIST,3,AN0,C295,0,0,2,5.57,AN1,5C15,-1,15,2,11.11,AN2,D814,0,30,2,25.73,POS,0.28,5.14,4.08,50,,,,,,
371,Tue Feb  5 16:00:04 20192,DIST,4,AN0,4897,15,-1,2,12.91,AN1,5C15,-1,15,2,11.08,AN2,D814,0,30,2,25.69,AN3,07A7,31,15,2,29.47,POS,3.46,5.57,0.47,85,DIST,3,AN0,C295,0,0,2,5.57,AN1,5C15,-1,15,2,11.11,AN2,D814,0,30,2,25.76,POS,0.23,4.97,4.39,50,,,,,,
372,Tue Feb  5 16:00:04 20193,DIST,4,AN0,4897,15,-1,2,12.74,AN1,5C15,-1,15,2,11.31,AN2,D814,0,30,2,25.89,AN3,07A7,31,15,2,29.55,POS,3.44,5.28,0.43,96,DIST,3,AN0,C295,0,0,2,5.52,AN1,5C15,-1,15,2,11.09,AN2,D814,0,30,2,25.78,POS,0.09,4.83,4.62,50,,,,,,
373,Tue Feb  5 16:00:04 20194,DIST,4,AN0,4897,15,-1,2,12.59,AN1,5C15,-1,15,2,11.48,AN2,D814,0,30,2,26.1,AN3,07A7,31,15,2,29.71,POS,3.39,4.99,0.26,100,DIST,3,AN0,C295,0,0,2,5.5,AN1,5C15,-1,15,2,11.09,AN2,D814,0,30,2,25.79,POS,-0.01,4.73,4.78,50,,,,,,
374,Tue Feb  5 16:00:04 20195,DIST,4,AN0,C295,0,0,2,5.44,AN1,4897,15,-1,2,12.52,AN2,5C15,-1,15,2,11.64,AN3,07A7,31,15,2,29.9,POS,3.44,4.8,0.42,58,DIST,3,AN0,C295,0,0,2,5.47,AN1,D814,0,30,2,25.79,AN2,17AF,30,30,2,37.67,POS,0.6,4.65,3.55,50,,,,,,
375,Tue Feb  5 16:00:04 20196,DIST,3,AN0,C295,0,0,2,5.33,AN1,4897,15,-1,2,12.49,AN2,5C15,-1,15,2,11.77,POS,3.47,4.62,0.56,50,,,,,,,DIST,4,AN0,C295,0,0,2,5.39,AN1,5C15,-1,15,2,11.28,AN2,D814,0,30,2,26.1,AN3,17AF,30,30,2,37.78,POS,1.02,4.59,2.64,68
376,Tue Feb  5 16:00:04 20197,DIST,2,AN0,4897,15,-1,2,12.5,AN1,5C15,-1,15,2,11.84,,,,,,,,,,,,,,,,,,DIST,3,AN0,C295,0,0,2,5.19,AN1,5C15,-1,15,2,11.4,AN2,D814,0,30,2,26.16,POS,0.55,4.45,3.27,50,,,,,,
377,Tue Feb  5 16:00:04 20198,DIST,2,AN0,4897,15,-1,2,12.51,AN1,5C15,-1,15,2,11.86,,,,,,,,,,,,,,,,,,DIST,3,AN0,C295,0,0,2,4.95,AN1,5C15,-1,15,2,11.61,AN2,D814,0,30,2,26.41,POS,0.12,4.29,2.21,50,,,,,,
378,Tue Feb  5 16:00:04 20199,DIST,4,AN0,C295,0,0,2,5.42,AN1,4897,15,-1,2,12.49,AN2,5C15,-1,15,2,11.86,AN3,17AF,30,30,2,37.91,POS,3.5,4.48,0.86,0,DIST,2,AN0,C295,0,0,2,4.74,AN1,5C15,-1,15,2,11.91,,,,,,,,,,,,,,,,,
379,Tue Feb  5 16:00:04 201910,DIST,3,AN0,4897,15,-1,2,12.51,AN1,5C15,-1,15,2,11.88,AN2,17AF,30,30,2,37.96,,,,,,,,,,,,DIST,4,AN0,C295,0,0,2,4.91,AN1,4897,15,-1,2,12.7,AN2,5C15,-1,15,2,12.26,AN3,D814,0,30,2,26.97,POS,0.89,4.1,1.86,71
