0,Tue Feb  5 16:07:24 20191,DIST,4,AN0,4897,15,-1,2,25.56,AN1,5C15,-1,15,2,24.01,AN2,07A7,31,15,2,12.61,AN3,17AF,30,30,2,10.57,POS,21.54,23.49,0.5,83,DIST,2,AN0,5C15,-1,15,2,24.25,AN1,17AF,30,30,2,10.31,,,,,,,,,,,,,,,,,
1,Tue Feb  5 16:07:24 20192,DIST,4,AN0,4897,15,-1,2,25.54,AN1,5C15,-1,15,2,24.07,AN2,07A7,31,15,2,12.61,AN3,17AF,30,30,2,10.6,POS,21.55,23.48,0.57,82,DIST,3,AN0,5C15,-1,15,2,24.21,AN1,D814,0,30,2,22.12,AN2,17AF,30,30,2,10.35,POS,21.42,24.14,1.23,50,,,,,,
2,Tue Feb  5 16:07:24 20193,DIST,4,AN0,15B8,30,0,2,25.17,AN1,5C15,-1,15,2,24.05,AN2,07A7,31,15,2,12.62,AN3,17AF,30,30,2,10.56,POS,21.55,23.48,0.55,85,DIST,3,AN0,5C15,-1,15,2,24.22,AN1,D814,0,30,2,22.09,AN2,17AF,30,30,2,10.4,POS,21.4,24.19,1.19,50,,,,,,
3,Tue Feb  5 16:07:24 20194,DIST,4,AN0,15B8,30,0,2,25.14,AN1,5C15,-1,15,2,24.04,AN2,07A7,31,15,2,12.64,AN3,17AF,30,30,2,10.58,POS,21.55,23.49,0.56,88,DIST,3,AN0,5C15,-1,15,2,24.25,AN1,D814,0,30,2,22.1,AN2,17AF,30,30,2,10.37,POS,21.39,24.23,1.15,50,,,,,,
4,Tue Feb  5 16:07:24 20195,DIST,4,AN0,15B8,30,0,2,25.18,AN1,5C15,-1,15,2,24.05,AN2,07A7,31,15,2,12.68,AN3,17AF,30,30,2,10.58,POS,21.54,23.5,0.6,87,DIST,3,AN0,5C15,-1,15,2,24.23,AN1,D814,0,30,2,22.08,AN2,17AF,30,30,2,10.36,POS,21.37,24.26,1.2,50,,,,,,
5,Tue Feb  5 16:07:24 20196,DIST,4,AN0,15B8,30,0,2,25.15,AN1,5C15,-1,15,2,24.03,AN2,07A7,31,15,2,12.68,AN3,17AF,30,30,2,10.58,POS,21.53,23.51,0.6,91,DIST,3,AN0,5C15,-1,15,2,24.18,AN1,D814,0,30,2,22.05,AN2,17AF,30,30,2,10.38,POS,21.36,24.28,1.31,50,,,,,,
6,Tue Feb  5 16:07:24 20197,DIST,4,AN0,15B8,30,0,2,25.16,AN1,5C15,-1,15,2,24.05,AN2,07A7,31,15,2,12.65,AN3,17AF,30,30,2,10.58,POS,21.53,23.51,0.61,86,DIST,3,AN0,5C15,-1,15,2,24.24,AN1,D814,0,30,2,22.04,AN2,17AF,30,30,2,10.37,POS,21.34,24.32,1.24,50,,,,,,
7,Tue Feb  5 16:07:24 20198,DIST,4,AN0,15B8,30,0,2,25.12,AN1,5C15,-1,15,2,24.08,AN2,07A7,31,15,2,12.61,AN3,17AF,30,30,2,10.53,POS,21.55,23.5,0.59,89,DIST,2,AN0,5C15,-1,15,2,24.23,AN1,17AF,30,30,2,10.36,,,,,,,,,,,,,,,,,
8,Tue Feb  5 16:07:24 20199,DIST,4,AN0,15B8,30,0,2,25.18,AN1,5C15,-1,15,2,24.05,AN2,07A7,31,15,2,12.67,AN3,17AF,30,30,2,10.56,POS,21.54,23.51,0.58,88,DIST,2,AN0,5C15,-1,15,2,24.24,AN1,17AF,30,30,2,10.38,,,,,,,,,,,,,,,,,
9,Tue Feb  5 16:07:24 201910,DIST,4,AN0,15B8,30,0,2,25.16,AN1,5C15,-1,15,2,24.05,AN2,07A7,31,15,2,12.63,AN3,17AF,30,30,2,10.55,POS,21.54,23.51,0.56,88,DIST,2,AN0,5C15,-1,15,2,24.23,AN1,17AF,30,30,2,10.38,,,,,,,,,,,,,,,,,
10,Tue Feb  5 16:07:25 20191,DIST,4,AN0,15B8,30,0,2,25.19,AN1,5C15,-1,15,2,24.05,AN2,07A7,31,15,2,12.66,AN3,17AF,30,30,2,10.54,POS,21.54,23.52,0.54,88,DIST,2,AN0,5C15,-1,15,2,24.2,AN1,17AF,30,30,2,10.36,,,,,,,,,,,,,,,,,
11,Tue Feb  5 16:07:25 20192,DIST,4,AN0,15B8,30,0,2,25.15,AN1,5C15,-1,15,2,24.05,AN2,07A7,31,15,2,12.62,AN3,17AF,30,30,2,10.53,POS,21.54,23.52,0.5,90,DIST,2,AN0,5C15,-1,15,2,24.2,AN1,17AF,30,30,2,10.38,,,,,,,,,,,,,,,,,
12,Tue Feb  5 16:07:25 20193,DIST,4,AN0,15B8,30,0,2,25.13,AN1,5C15,-1,15,2,24.02,AN2,07A7,31,15,2,12.62,AN3,17AF,30,30,2,10.58,POS,21.54,23.51,0.5,88,DIST,3,AN0,5C15,-1,15,2,24.16,AN1,07A7,31,15,2,13.1,AN2,17AF,30,30,2,10.38,POS,21.37,24.25,1.15,50,,,,,,
13,Tue Feb  5 16:07:25 20194,DIST,4,AN0,15B8,30,0,2,25.13,AN1,5C15,-1,15,2,24.04,AN2,07A7,31,15,2,12.6,AN3,17AF,30,30,2,10.58,POS,21.54,23.5,0.51,85,DIST,2,AN0,5C15,-1,15,2,24.22,AN1,17AF,30,30,2,10.4,,,,,,,,,,,,,,,,,
14,Tue Feb  5 16:07:25 20195,DIST,3,AN0,5C15,-1,15,2,24.05,AN1,07A7,31,15,2,12.61,AN2,17AF,30,30,2,10.59,POS,21.54,23.49,0.54,50,,,,,,,DIST,2,AN0,5C15,-1,15,2,24.22,AN1,17AF,30,30,2,10.37,,,,,,,,,,,,,,,,,
15,Tue Feb  5 16:07:25 20196,DIST,4,AN0,15B8,30,0,2,25.09,AN1,5C15,-1,15,2,24.05,AN2,07A7,31,15,2,12.64,AN3,17AF,30,30,2,10.64,POS,21.54,23.48,0.63,87,DIST,2,AN0,5C15,-1,15,2,24.17,AN1,17AF,30,30,2,10.42,,,,,,,,,,,,,,,,,
16,Tue Feb  5 16:07:25 20197,DIST,4,AN0,15B8,30,0,2,25.08,AN1,5C15,-1,15,2,24.06,AN2,07A7,31,15,2,12.62,AN3,17AF,30,30,2,10.58,POS,21.55,23.48,0.63,91,DIST,2,AN0,5C15,-1,15,2,24.21,AN1,17AF,30,30,2,10.41,,,,,,,,,,,,,,,,,
17,Tue Feb  5 16:07:25 20198,DIST,3,AN0,5C15,-1,15,2,24.07,AN1,07A7,31,15,2,12.65,AN2,17AF,30,30,2,10.55,POS,21.55,23.49,0.62,50,,,,,,,DIST,2,AN0,5C15,-1,15,2,24.15,AN1,17AF,30,30,2,10.43,,,,,,,,,,,,,,,,,
18,Tue Feb  5 16:07:25 20199,DIST,4,AN0,15B8,30,0,2,25.04,AN1,5C15,-1,15,2,24.02,AN2,07A7,31,15,2,12.61,AN3,17AF,30,30,2,10.57,POS,21.54,23.49,0.58,98,DIST,2,AN0,5C15,-1,15,2,24.12,AN1,17AF,30,30,2,10.49,,,,,,,,,,,,,,,,,
19,Tue Feb  5 16:07:25 201910,DIST,3,AN0,5C15,-1,15,2,24.05,AN1,07A7,31,15,2,12.66,AN2,17AF,30,30,2,10.56,POS,21.54,23.5,0.58,50,,,,,,,DIST,2,AN0,D814,0,30,2,21.99,AN1,17AF,30,30,2,10.51,,,,,,,,,,,,,,,,,
20,Tue Feb  5 16:07:26 20191,DIST,4,AN0,15B8,30,0,2,25.1,AN1,5C15,-1,15,2,24.04,AN2,07A7,31,15,2,12.64,AN3,17AF,30,30,2,10.59,POS,21.54,23.5,0.59,91,DIST,2,AN0,5C15,-1,15,2,24.02,AN1,17AF,30,30,2,10.56,,,,,,,,,,,,,,,,,
21,Tue Feb  5 16:07:26 20192,DIST,4,AN0,15B8,30,0,2,25.12,AN1,5C15,-1,15,2,24,AN2,07A7,31,15,2,12.61,AN3,17AF,30,30,2,10.6,POS,21.53,23.49,0.55,88,DIST,2,AN0,D814,0,30,2,21.89,AN1,17AF,30,30,2,10.57,,,,,,,,,,,,,,,,,
22,Tue Feb  5 16:07:26 20193,DIST,3,AN0,5C15,-1,15,2,24.05,AN1,07A7,31,15,2,12.64,AN2,17AF,30,30,2,10.61,POS,21.53,23.49,0.6,50,,,,,,,DIST,3,AN0,5C15,-1,15,2,23.89,AN1,D814,0,30,2,21.84,AN2,17AF,30,30,2,10.7,POS,21.29,24.23,1.19,50,,,,,,
23,Tue Feb  5 16:07:26 20194,DIST,3,AN0,5C15,-1,15,2,24.05,AN1,07A7,31,15,2,12.63,AN2,17AF,30,30,2,10.6,POS,21.54,23.48,0.63,50,,,,,,,DIST,2,AN0,5C15,-1,15,2,23.87,AN1,17AF,30,30,2,10.71,,,,,,,,,,,,,,,,,
24,Tue Feb  5 16:07:26 20195,DIST,4,AN0,4897,15,-1,2,25.5,AN1,5C15,-1,15,2,24.07,AN2,07A7,31,15,2,12.62,AN3,17AF,30,30,2,10.6,POS,21.54,23.48,0.66,87,DIST,2,AN0,5C15,-1,15,2,23.76,AN1,17AF,30,30,2,10.78,,,,,,,,,,,,,,,,,
25,Tue Feb  5 16:07:26 20196,DIST,4,AN0,4897,15,-1,2,25.49,AN1,5C15,-1,15,2,24,AN2,07A7,31,15,2,12.61,AN3,17AF,30,30,2,10.6,POS,21.54,23.47,0.61,87,DIST,2,AN0,5C15,-1,15,2,23.72,AN1,17AF,30,30,2,10.82,,,,,,,,,,,,,,,,,
26,Tue Feb  5 16:07:26 20197,DIST,4,AN0,4897,15,-1,2,25.52,AN1,5C15,-1,15,2,24,AN2,07A7,31,15,2,12.64,AN3,17AF,30,30,2,10.61,POS,21.53,23.47,0.59,85,DIST,2,AN0,5C15,-1,15,2,23.66,AN1,17AF,30,30,2,10.88,,,,,,,,,,,,,,,,,
27,Tue Feb  5 16:07:26 20198,DIST,4,AN0,4897,15,-1,2,25.48,AN1,5C15,-1,15,2,24.05,AN2,07A7,31,15,2,12.69,AN3,17AF,30,30,2,10.65,POS,21.53,23.48,0.72,88,DIST,2,AN0,5C15,-1,15,2,23.62,AN1,17AF,30,30,2,10.95,,,,,,,,,,,,,,,,,
28,Tue Feb  5 16:07:26 20199,DIST,4,AN0,4897,15,-1,2,25.45,AN1,5C15,-1,15,2,23.93,AN2,07A7,31,15,2,12.67,AN3,17AF,30,30,2,10.69,POS,21.5,23.47,0.68,87,DIST,2,AN0,5C15,-1,15,2,23.56,AN1,17AF,30,30,2,11.01,,,,,,,,,,,,,,,,,
29,Tue Feb  5 16:07:26 201910,DIST,3,AN0,4897,15,-1,2,25.43,AN1,07A7,31,15,2,12.76,AN2,17AF,30,30,2,10.83,POS,21.55,23.46,0.44,50,,,,,,,DIST,1,AN0,17AF,30,30,2,10.97,,,,,,,,,,,,,,,,,,,,,,,
30,Tue Feb  5 16:07:27 20191,DIST,4,AN0,4897,15,-1,2,25.35,AN1,5C15,-1,15,2,23.61,AN2,07A7,31,15,2,12.95,AN3,17AF,30,30,2,11.02,POS,21.44,23.45,0.54,85,DIST,2,AN0,5C15,-1,15,2,23.56,AN1,17AF,30,30,2,10.99,,,,,,,,,,,,,,,,,
31,Tue Feb  5 16:07:27 20192,DIST,3,AN0,5C15,-1,15,2,23.45,AN1,07A7,31,15,2,13.19,AN2,17AF,30,30,2,11.23,POS,21.3,23.45,0.86,50,,,,,,,DIST,1,AN0,17AF,30,30,2,11.01,,,,,,,,,,,,,,,,,,,,,,,
32,Tue Feb  5 16:07:27 20193,DIST,3,AN0,5C15,-1,15,2,23.1,AN1,07A7,31,15,2,13.31,AN2,17AF,30,30,2,11.43,POS,21.11,23.44,0.79,50,,,,,,,DIST,2,AN0,5C15,-1,15,2,23.48,AN1,17AF,30,30,2,11.06,,,,,,,,,,,,,,,,,
33,Tue Feb  5 16:07:27 20194,DIST,4,AN0,15B8,30,0,2,25.52,AN1,5C15,-1,15,2,22.9,AN2,07A7,31,15,2,13.5,AN3,17AF,30,30,2,11.69,POS,20.92,23.41,0.86,76,DIST,1,AN0,17AF,30,30,2,11.15,,,,,,,,,,,,,,,,,,,,,,,
34,Tue Feb  5 16:07:27 20195,DIST,3,AN0,5C15,-1,15,2,22.82,AN1,07A7,31,15,2,13.61,AN2,17AF,30,30,2,11.79,POS,20.75,23.4,1.01,50,,,,,,,DIST,1,AN0,17AF,30,30,2,11.41,,,,,,,,,,,,,,,,,,,,,,,
35,Tue Feb  5 16:07:27 20196,DIST,4,AN0,4897,15,-1,2,25.02,AN1,5C15,-1,15,2,22.73,AN2,07A7,31,15,2,13.62,AN3,17AF,30,30,2,11.86,POS,20.61,23.45,0.67,100,DIST,1,AN0,17AF,30,30,2,11.65,,,,,,,,,,,,,,,,,,,,,,,
36,Tue Feb  5 16:07:27 20197,DIST,3,AN0,5C15,-1,15,2,22.62,AN1,07A7,31,15,2,13.74,AN2,17AF,30,30,2,11.86,POS,20.47,23.44,0.66,50,,,,,,,DIST,2,AN0,5C15,-1,15,2,22.55,AN1,17AF,30,30,2,11.95,,,,,,,,,,,,,,,,,
37,Tue Feb  5 16:07:27 20198,DIST,2,AN0,07A7,31,15,2,13.74,AN1,17AF,30,30,2,11.85,,,,,,,,,,,,,,,,,,DIST,2,AN0,5C15,-1,15,2,22.38,AN1,17AF,30,30,2,12.06,,,,,,,,,,,,,,,,,
38,Tue Feb  5 16:07:27 20199,DIST,3,AN0,5C15,-1,15,2,22.66,AN1,07A7,31,15,2,13.78,AN2,17AF,30,30,2,11.83,POS,20.36,23.44,0.69,50,,,,,,,DIST,2,AN0,5C15,-1,15,2,22.29,AN1,17AF,30,30,2,12.18,,,,,,,,,,,,,,,,,
39,Tue Feb  5 16:07:27 201910,DIST,3,AN0,5C15,-1,15,2,22.4,AN1,07A7,31,15,2,14.02,AN2,17AF,30,30,2,12.1,POS,20.22,23.45,0.75,50,,,,,,,DIST,3,AN0,5C15,-1,15,2,22.17,AN1,D814,0,30,2,20.02,AN2,17AF,30,30,2,12.35,POS,20.75,24.23,1.14,50,,,,,,
40,Tue Feb  5 16:07:28 20191,DIST,2,AN0,07A7,31,15,2,14.27,AN1,17AF,30,30,2,12.35,,,,,,,,,,,,,,,,,,DIST,2,AN0,5C15,-1,15,2,22.14,AN1,17AF,30,30,2,12.34,,,,,,,,,,,,,,,,,
41,Tue Feb  5 16:07:28 20192,DIST,4,AN0,4897,15,-1,2,24.97,AN1,5C15,-1,15,2,21.82,AN2,07A7,31,15,2,14.58,AN3,17AF,30,30,2,12.69,POS,19.94,23.52,0.51,100,DIST,3,AN0,D814,0,30,2,19.92,AN1,07A7,31,15,2,14.82,AN2,17AF,30,30,2,12.33,POS,20.33,24.17,0.9,50,,,,,,
42,Tue Feb  5 16:07:28 20193,DIST,3,AN0,4897,15,-1,2,25.02,AN1,5C15,-1,15,2,21.6,AN2,07A7,31,15,2,14.81,POS,19.67,23.6,0.26,50,,,,,,,DIST,2,AN0,D814,0,30,2,19.69,AN1,17AF,30,30,2,12.54,,,,,,,,,,,,,,,,,
43,Tue Feb  5 16:07:28 20194,DIST,3,AN0,5C15,-1,15,2,21.46,AN1,07A7,31,15,2,14.93,AN2,17AF,30,30,2,13.1,POS,19.43,23.56,0.44,50,,,,,,,DIST,2,AN0,D814,0,30,2,19.29,AN1,17AF,30,30,2,12.81,,,,,,,,,,,,,,,,,
44,Tue Feb  5 16:07:28 20195,DIST,2,AN0,07A7,31,15,2,14.95,AN1,17AF,30,30,2,13.18,,,,,,,,,,,,,,,,,,DIST,2,AN0,5C15,-1,15,2,21.3,AN1,17AF,30,30,2,13.19,,,,,,,,,,,,,,,,,
45,Tue Feb  5 16:07:28 20196,DIST,2,AN0,07A7,31,15,2,15.06,AN1,17AF,30,30,2,13.17,,,,,,,,,,,,,,,,,,DIST,2,AN0,5C15,-1,15,2,21.08,AN1,17AF,30,30,2,13.45,,,,,,,,,,,,,,,,,
46,Tue Feb  5 16:07:28 20197,DIST,2,AN0,5C15,-1,15,2,21.29,AN1,07A7,31,15,2,15.09,,,,,,,,,,,,,,,,,,DIST,2,AN0,5C15,-1,15,2,20.91,AN1,17AF,30,30,2,13.55,,,,,,,,,,,,,,,,,
47,Tue Feb  5 16:07:28 20198,DIST,3,AN0,4897,15,-1,2,24.92,AN1,5C15,-1,15,2,21.11,AN2,07A7,31,15,2,15.24,POS,19.16,23.62,0.24,50,,,,,,,DIST,3,AN0,5C15,-1,15,2,20.81,AN1,D814,0,30,2,18.56,AN2,17AF,30,30,2,13.7,POS,19.65,24.19,0.91,50,,,,,,
48,Tue Feb  5 16:07:28 20199,DIST,4,AN0,4897,15,-1,2,24.93,AN1,5C15,-1,15,2,20.94,AN2,07A7,31,15,2,15.53,AN3,17AF,30,30,2,13.58,POS,18.89,23.66,0.25,97,DIST,4,AN0,5C15,-1,15,2,20.8,AN1,D814,0,30,2,18.4,AN2,07A7,31,15,2,15.96,AN3,17AF,30,30,2,13.73,POS,19.11,24.1,0.6,85
49,Tue Feb  5 16:07:28 201910,DIST,3,AN0,5C15,-1,15,2,20.64,AN1,07A7,31,15,2,15.83,AN2,17AF,30,30,2,13.97,POS,18.6,23.62,0.29,50,,,,,,,DIST,4,AN0,5C15,-1,15,2,20.84,AN1,D814,0,30,2,18.4,AN2,07A7,31,15,2,16.02,AN3,17AF,30,30,2,13.79,POS,18.78,24.2,0.24,92
50,Tue Feb  5 16:07:29 20191,DIST,3,AN0,4897,15,-1,2,24.77,AN1,5C15,-1,15,2,20.17,AN2,07A7,31,15,2,16.02,POS,18.29,23.67,0.04,50,,,,,,,DIST,3,AN0,D814,0,30,2,18.28,AN1,07A7,31,15,2,16.11,AN2,17AF,30,30,2,13.95,POS,18.42,24.09,0.13,50,,,,,,
51,Tue Feb  5 16:07:29 20192,DIST,4,AN0,4897,15,-1,2,24.74,AN1,5C15,-1,15,2,20,AN2,07A7,31,15,2,16.17,AN3,17AF,30,30,2,14.48,POS,18.01,23.7,-0.14,100,DIST,2,AN0,D814,0,30,2,17.93,AN1,17AF,30,30,2,14.2,,,,,,,,,,,,,,,,,
52,Tue Feb  5 16:07:29 20193,DIST,3,AN0,5C15,-1,15,2,19.94,AN1,07A7,31,15,2,16.33,AN2,17AF,30,30,2,14.64,POS,17.77,23.61,0.02,50,,,,,,,DIST,3,AN0,5C15,-1,15,2,19.99,AN1,D814,0,30,2,17.95,AN2,17AF,30,30,2,14.6,POS,18.02,24.05,0.21,50,,,,,,
53,Tue Feb  5 16:07:29 20194,DIST,2,AN0,07A7,31,15,2,16.42,AN1,17AF,30,30,2,14.66,,,,,,,,,,,,,,,,,,DIST,2,AN0,5C15,-1,15,2,19.66,AN1,D814,0,30,2,17.27,,,,,,,,,,,,,,,,,
54,Tue Feb  5 16:07:29 20195,DIST,3,AN0,5C15,-1,15,2,19.8,AN1,07A7,31,15,2,16.42,AN2,17AF,30,30,2,14.65,POS,17.55,23.56,0.41,50,,,,,,,DIST,2,AN0,5C15,-1,15,2,19.51,AN1,17AF,30,30,2,15.01,,,,,,,,,,,,,,,,,
55,Tue Feb  5 16:07:29 20196,DIST,3,AN0,4897,15,-1,2,24.76,AN1,07A7,31,15,2,16.49,AN2,17AF,30,30,2,14.69,POS,17.46,23.54,0.06,50,,,,,,,DIST,2,AN0,5C15,-1,15,2,19.27,AN1,17AF,30,30,2,15.25,,,,,,,,,,,,,,,,,
56,Tue Feb  5 16:07:29 20197,DIST,3,AN0,4897,15,-1,2,24.78,AN1,07A7,31,15,2,16.61,AN2,17AF,30,30,2,14.89,POS,17.39,23.51,1.46,50,,,,,,,DIST,3,AN0,5C15,-1,15,2,19.14,AN1,D814,0,30,2,16.72,AN2,17AF,30,30,2,15.36,POS,17.44,24.12,0.57,50,,,,,,
57,Tue Feb  5 16:07:29 20198,DIST,3,AN0,4897,15,-1,2,24.71,AN1,5C15,-1,15,2,19.36,AN2,17AF,30,30,2,15.16,POS,17.11,23.55,1.3,50,,,,,,,DIST,3,AN0,5C15,-1,15,2,19.18,AN1,D814,0,30,2,16.76,AN2,17AF,30,30,2,15.37,POS,17.02,24.17,0.71,50,,,,,,
58,Tue Feb  5 16:07:29 20199,DIST,4,AN0,4897,15,-1,2,24.64,AN1,5C15,-1,15,2,19.18,AN2,07A7,31,15,2,17.03,AN3,17AF,30,30,2,15.4,POS,16.89,23.58,0.97,90,DIST,3,AN0,5C15,-1,15,2,19.07,AN1,D814,0,30,2,16.72,AN2,17AF,30,30,2,15.45,POS,16.68,24.18,0.87,50,,,,,,
59,Tue Feb  5 16:07:29 201910,DIST,4,AN0,4897,15,-1,2,24.6,AN1,5C15,-1,15,2,18.9,AN2,07A7,31,15,2,17.14,AN3,17AF,30,30,2,15.59,POS,16.66,23.62,0.52,100,DIST,2,AN0,D814,0,30,2,16.61,AN1,17AF,30,30,2,15.56,,,,,,,,,,,,,,,,,
60,Tue Feb  5 16:07:30 20191,DIST,4,AN0,4897,15,-1,2,24.64,AN1,5C15,-1,15,2,18.85,AN2,07A7,31,15,2,17.38,AN3,17AF,30,30,2,15.79,POS,16.46,23.64,0.41,84,DIST,3,AN0,5C15,-1,15,2,18.73,AN1,D814,0,30,2,16.46,AN2,17AF,30,30,2,15.8,POS,16.35,24.16,0.98,50,,,,,,
61,Tue Feb  5 16:07:30 20192,DIST,3,AN0,5C15,-1,15,2,18.76,AN1,07A7,31,15,2,17.43,AN2,17AF,30,30,2,15.77,POS,16.28,23.57,0.51,50,,,,,,,DIST,2,AN0,D814,0,30,2,16.38,AN1,17AF,30,30,2,16.05,,,,,,,,,,,,,,,,,
62,Tue Feb  5 16:07:30 20193,DIST,3,AN0,5C15,-1,15,2,18.7,AN1,07A7,31,15,2,17.44,AN2,17AF,30,30,2,15.82,POS,16.14,23.5,0.59,50,,,,,,,DIST,1,AN0,17AF,30,30,2,16.23,,,,,,,,,,,,,,,,,,,,,,,
63,Tue Feb  5 16:07:30 20194,DIST,4,AN0,15B8,30,0,2,27.69,AN1,5C15,-1,15,2,18.74,AN2,07A7,31,15,2,17.44,AN3,17AF,30,30,2,15.81,POS,16.04,23.6,0.23,96,DIST,3,AN0,4897,15,-1,2,24.55,AN1,5C15,-1,15,2,18.15,AN2,D814,0,30,2,16.09,,,,,,,,,,,
64,Tue Feb  5 16:07:30 20195,DIST,3,AN0,4897,15,-1,2,24.58,AN1,07A7,31,15,2,17.47,AN2,17AF,30,30,2,15.83,POS,16.03,23.54,1.47,50,,,,,,,DIST,2,AN0,4897,15,-1,2,24.43,AN1,5C15,-1,15,2,17.92,,,,,,,,,,,,,,,,,
65,Tue Feb  5 16:07:30 20196,DIST,3,AN0,4897,15,-1,2,24.51,AN1,07A7,31,15,2,17.44,AN2,17AF,30,30,2,15.96,POS,16.04,23.45,2.57,50,,,,,,,DIST,3,AN0,4897,15,-1,2,24.35,AN1,5C15,-1,15,2,18.05,AN2,D814,0,30,2,16.15,,,,,,,,,,,
66,Tue Feb  5 16:07:30 20197,DIST,3,AN0,15B8,30,0,2,27.61,AN1,4897,15,-1,2,24.37,AN2,07A7,31,15,2,17.32,,,,,,,,,,,,DIST,3,AN0,4897,15,-1,2,24.35,AN1,5C15,-1,15,2,17.94,AN2,D814,0,30,2,16.12,,,,,,,,,,,
67,Tue Feb  5 16:07:30 20198,DIST,3,AN0,4897,15,-1,2,24.26,AN1,07A7,31,15,2,17.43,AN2,17AF,30,30,2,16.28,POS,16.05,23.3,3.54,50,,,,,,,DIST,3,AN0,4897,15,-1,2,24.33,AN1,5C15,-1,15,2,17.97,AN2,D814,0,30,2,15.96,,,,,,,,,,,
68,Tue Feb  5 16:07:30 20199,DIST,4,AN0,15B8,30,0,2,27.36,AN1,4897,15,-1,2,24.05,AN2,07A7,31,15,2,17.5,AN3,17AF,30,30,2,16.31,POS,15.85,23.23,3.12,100,DIST,2,AN0,5C15,-1,15,2,17.96,AN1,D814,0,30,2,16.05,,,,,,,,,,,,,,,,,
69,Tue Feb  5 16:07:30 201910,DIST,3,AN0,4897,15,-1,2,23.99,AN1,07A7,31,15,2,17.5,AN2,17AF,30,30,2,16.22,POS,15.76,23.16,2.49,50,,,,,,,DIST,2,AN0,5C15,-1,15,2,17.82,AN1,D814,0,30,2,16.08,,,,,,,,,,,,,,,,,
70,Tue Feb  5 16:07:31 20191,DIST,3,AN0,4897,15,-1,2,23.98,AN1,07A7,31,15,2,17.52,AN2,17AF,30,30,2,16.56,POS,15.76,23.02,3.41,50,,,,,,,DIST,2,AN0,5C15,-1,15,2,17.68,AN1,D814,0,30,2,16.16,,,,,,,,,,,,,,,,,
71,Tue Feb  5 16:07:31 20192,DIST,2,AN0,07A7,31,15,2,17.46,AN1,17AF,30,30,2,16.45,,,,,,,,,,,,,,,,,,DIST,4,AN0,C295,0,0,2,27.51,AN1,4897,15,-1,2,23.48,AN2,5C15,-1,15,2,17.54,AN3,D814,0,30,2,16.29,,,,,
72,Tue Feb  5 16:07:31 20193,DIST,2,AN0,07A7,31,15,2,17.5,AN1,17AF,30,30,2,16.59,,,,,,,,,,,,,,,,,,DIST,3,AN0,4897,15,-1,2,23.37,AN1,5C15,-1,15,2,17.49,AN2,D814,0,30,2,16.35,,,,,,,,,,,
73,Tue Feb  5 16:07:31 20194,DIST,3,AN0,4897,15,-1,2,23.87,AN1,07A7,31,15,2,17.39,AN2,17AF,30,30,2,16.55,POS,15.79,22.89,4.11,50,,,,,,,DIST,3,AN0,4897,15,-1,2,23.26,AN1,5C15,-1,15,2,17.49,AN2,D814,0,30,2,16.46,,,,,,,,,,,
74,Tue Feb  5 16:07:31 20195,DIST,3,AN0,4897,15,-1,2,23.69,AN1,07A7,31,15,2,17.36,AN2,17AF,30,30,2,16.6,POS,15.78,22.76,4.53,50,,,,,,,DIST,3,AN0,4897,15,-1,2,23.19,AN1,5C15,-1,15,2,17.4,AN2,D814,0,30,2,16.49,,,,,,,,,,,
75,Tue Feb  5 16:07:31 20196,DIST,2,AN0,07A7,31,15,2,17.22,AN1,17AF,30,30,2,16.73,,,,,,,,,,,,,,,,,,DIST,4,AN0,C295,0,0,2,27.25,AN1,4897,15,-1,2,23.13,AN2,5C15,-1,15,2,17.44,AN3,D814,0,30,2,16.52,,,,,
76,Tue Feb  5 16:07:31 20197,DIST,2,AN0,07A7,31,15,2,17.05,AN1,17AF,30,30,2,16.89,,,,,,,,,,,,,,,,,,DIST,3,AN0,4897,15,-1,2,22.99,AN1,5C15,-1,15,2,17.33,AN2,D814,0,30,2,16.47,,,,,,,,,,,
77,Tue Feb  5 16:07:31 20198,DIST,4,AN0,15B8,30,0,2,26.32,AN1,4897,15,-1,2,22.68,AN2,07A7,31,15,2,16.9,AN3,17AF,30,30,2,16.82,POS,15.73,22.47,3.41,73,DIST,4,AN0,C295,0,0,2,26.97,AN1,4897,15,-1,2,22.77,AN2,5C15,-1,15,2,17.29,AN3,D814,0,30,2,16.65,,,,,
78,Tue Feb  5 16:07:31 20199,DIST,4,AN0,15B8,30,0,2,26.17,AN1,4897,15,-1,2,22.57,AN2,07A7,31,15,2,16.82,AN3,17AF,30,30,2,16.97,POS,15.73,22.19,3.83,70,DIST,3,AN0,4897,15,-1,2,22.37,AN1,5C15,-1,15,2,17.16,AN2,D814,0,30,2,16.79,,,,,,,,,,,
79,Tue Feb  5 16:07:31 201910,DIST,3,AN0,4897,15,-1,2,22.48,AN1,07A7,31,15,2,16.77,AN2,17AF,30,30,2,17.06,POS,15.75,21.94,4.24,50,,,,,,,DIST,2,AN0,5C15,-1,15,2,16.89,AN1,D814,0,30,2,17.02,,,,,,,,,,,,,,,,,
80,Tue Feb  5 16:07:32 20191,DIST,2,AN0,07A7,31,15,2,16.76,AN1,17AF,30,30,2,17.09,,,,,,,,,,,,,,,,,,DIST,3,AN0,C295,0,0,2,26.14,AN1,4897,15,-1,2,21.84,AN2,5C15,-1,15,2,16.56,,,,,,,,,,,
81,Tue Feb  5 16:07:32 20192,DIST,2,AN0,07A7,31,15,2,16.76,AN1,17AF,30,30,2,17.09,,,,,,,,,,,,,,,,,,DIST,2,AN0,4897,15,-1,2,21.71,AN1,5C15,-1,15,2,17.17,,,,,,,,,,,,,,,,,
82,Tue Feb  5 16:07:32 20193,DIST,2,AN0,07A7,31,15,2,16.74,AN1,17AF,30,30,2,17.2,,,,,,,,,,,,,,,,,,DIST,4,AN0,C295,0,0,2,25.89,AN1,4897,15,-1,2,21.55,AN2,5C15,-1,15,2,16.83,AN3,D814,0,30,2,17.28,,,,,
83,Tue Feb  5 16:07:32 20194,DIST,2,AN0,07A7,31,15,2,16.5,AN1,17AF,30,30,2,17.4,,,,,,,,,,,,,,,,,,DIST,4,AN0,C295,0,0,2,25.86,AN1,4897,15,-1,2,21.51,AN2,5C15,-1,15,2,16.81,AN3,D814,0,30,2,17.27,,,,,
84,Tue Feb  5 16:07:32 20195,DIST,3,AN0,4897,15,-1,2,21.47,AN1,07A7,31,15,2,16.36,AN2,17AF,30,30,2,17.68,POS,15.81,21.46,4.73,50,,,,,,,DIST,3,AN0,C295,0,0,2,25.81,AN1,5C15,-1,15,2,16.7,AN2,D814,0,30,2,17.29,POS,14.81,23.4,3.93,50,,,,,,
85,Tue Feb  5 16:07:32 20196,DIST,2,AN0,07A7,31,15,2,16.37,AN1,17AF,30,30,2,17.67,,,,,,,,,,,,,,,,,,DIST,1,AN0,5C15,-1,15,2,16.59,,,,,,,,,,,,,,,,,,,,,,,
86,Tue Feb  5 16:07:32 20197,DIST,3,AN0,4897,15,-1,2,20.86,AN1,07A7,31,15,2,16.28,AN2,17AF,30,30,2,17.82,POS,15.75,21.03,3.52,50,,,,,,,DIST,4,AN0,C295,0,0,2,25.36,AN1,4897,15,-1,2,20.83,AN2,5C15,-1,15,2,16.67,AN3,D814,0,30,2,17.61,,,,,
87,Tue Feb  5 16:07:32 20198,DIST,3,AN0,4897,15,-1,2,20.81,AN1,07A7,31,15,2,16.23,AN2,17AF,30,30,2,17.97,POS,15.76,20.66,3.97,50,,,,,,,DIST,2,AN0,C295,0,0,2,24.99,AN1,5C15,-1,15,2,16.62,,,,,,,,,,,,,,,,,
88,Tue Feb  5 16:07:32 20199,DIST,3,AN0,4897,15,-1,2,20.75,AN1,07A7,31,15,2,16.2,AN2,17AF,30,30,2,18.03,POS,15.77,20.35,4.35,50,,,,,,,DIST,1,AN0,4897,15,-1,2,20.1,,,,,,,,,,,,,,,,,,,,,,,
89,Tue Feb  5 16:07:32 201910,DIST,2,AN0,07A7,31,15,2,16.2,AN1,17AF,30,30,2,18,,,,,,,,,,,,,,,,,,DIST,4,AN0,C295,0,0,2,24.58,AN1,4897,15,-1,2,19.87,AN2,5C15,-1,15,2,16.29,AN3,D814,0,30,2,18.21,,,,,
90,Tue Feb  5 16:07:33 20191,DIST,2,AN0,07A7,31,15,2,16.05,AN1,17AF,30,30,2,18.16,,,,,,,,,,,,,,,,,,DIST,3,AN0,4897,15,-1,2,19.75,AN1,5C15,-1,15,2,16.17,AN2,D814,0,30,2,18.22,,,,,,,,,,,
91,Tue Feb  5 16:07:33 20192,DIST,1,AN0,07A7,31,15,2,15.94,,,,,,,,,,,,,,,,,,,,,,,,DIST,2,AN0,5C15,-1,15,2,16.22,AN1,D814,0,30,2,18.24,,,,,,,,,,,,,,,,,
92,Tue Feb  5 16:07:33 20193,DIST,3,AN0,4897,15,-1,2,19.55,AN1,07A7,31,15,2,15.79,AN2,17AF,30,30,2,18.71,POS,15.83,19.81,4.69,50,,,,,,,DIST,2,AN0,4897,15,-1,2,19.56,AN1,5C15,-1,15,2,16.1,,,,,,,,,,,,,,,,,
93,Tue Feb  5 16:07:33 20194,DIST,2,AN0,07A7,31,15,2,15.77,AN1,17AF,30,30,2,18.84,,,,,,,,,,,,,,,,,,DIST,3,AN0,4897,15,-1,2,19.16,AN1,5C15,-1,15,2,16.26,AN2,D814,0,30,2,18.63,,,,,,,,,,,
94,Tue Feb  5 16:07:33 20195,DIST,3,AN0,4897,15,-1,2,18.94,AN1,07A7,31,15,2,15.74,AN2,17AF,30,30,2,19.03,POS,15.81,19.28,3.31,50,,,,,,,DIST,2,AN0,4897,15,-1,2,18.66,AN1,5C15,-1,15,2,16.01,,,,,,,,,,,,,,,,,
95,Tue Feb  5 16:07:33 20196,DIST,3,AN0,4897,15,-1,2,18.85,AN1,07A7,31,15,2,15.7,AN2,17AF,30,30,2,19.06,POS,15.8,18.87,2.28,50,,,,,,,DIST,2,AN0,4897,15,-1,2,18.36,AN1,D814,0,30,2,19.15,,,,,,,,,,,,,,,,,
96,Tue Feb  5 16:07:33 20197,DIST,3,AN0,4897,15,-1,2,18.88,AN1,07A7,31,15,2,15.7,AN2,17AF,30,30,2,19.13,POS,15.82,18.54,3.07,50,,,,,,,DIST,3,AN0,4897,15,-1,2,18.14,AN1,5C15,-1,15,2,15.71,AN2,D814,0,30,2,19.31,POS,14.78,21.87,2.88,50,,,,,,
97,Tue Feb  5 16:07:33 20198,DIST,2,AN0,07A7,31,15,2,15.61,AN1,17AF,30,30,2,19.2,,,,,,,,,,,,,,,,,,DIST,2,AN0,4897,15,-1,2,17.89,AN1,D814,0,30,2,19.48,,,,,,,,,,,,,,,,,
98,Tue Feb  5 16:07:33 20199,DIST,2,AN0,07A7,31,15,2,15.52,AN1,17AF,30,30,2,19.39,,,,,,,,,,,,,,,,,,DIST,3,AN0,4897,15,-1,2,17.76,AN1,5C15,-1,15,2,15.95,AN2,D814,0,30,2,19.45,,,,,,,,,,,
99,Tue Feb  5 16:07:33 201910,DIST,1,AN0,07A7,31,15,2,15.43,,,,,,,,,,,,,,,,,,,,,,,,DIST,2,AN0,5C15,-1,15,2,15.79,AN1,D814,0,30,2,19.55,,,,,,,,,,,,,,,,,
100,Tue Feb  5 16:07:34 20191,DIST,3,AN0,4897,15,-1,2,17.34,AN1,07A7,31,15,2,15.66,AN2,17AF,30,30,2,20.02,POS,15.72,17.98,2.59,50,,,,,,,DIST,1,AN0,4897,15,-1,2,17.46,,,,,,,,,,,,,,,,,,,,,,,
101,Tue Feb  5 16:07:34 20192,DIST,4,AN0,4897,15,-1,2,16.98,AN1,D814,0,30,2,20.25,AN2,07A7,31,15,2,15.41,AN3,17AF,30,30,2,20.28,,,,,,DIST,1,AN0,5C15,-1,15,2,15.72,,,,,,,,,,,,,,,,,,,,,,,
102,Tue Feb  5 16:07:34 20193,DIST,3,AN0,4897,15,-1,2,16.83,AN1,07A7,31,15,2,15.4,AN2,17AF,30,30,2,20.34,POS,15.75,17.39,1.83,50,,,,,,,DIST,2,AN0,4897,15,-1,2,16.52,AN1,5C15,-1,15,2,15.71,,,,,,,,,,,,,,,,,
103,Tue Feb  5 16:07:34 20194,DIST,2,AN0,4897,15,-1,2,16.83,AN1,07A7,31,15,2,15.4,,,,,,,,,,,,,,,,,,DIST,2,AN0,4897,15,-1,2,16.17,AN1,5C15,-1,15,2,15.98,,,,,,,,,,,,,,,,,
104,Tue Feb  5 16:07:34 20195,DIST,2,AN0,07A7,31,15,2,15.45,AN1,17AF,30,30,2,20.54,,,,,,,,,,,,,,,,,,DIST,3,AN0,4897,15,-1,2,15.97,AN1,5C15,-1,15,2,15.56,AN2,D814,0,30,2,20.73,,,,,,,,,,,
105,Tue Feb  5 16:07:34 20196,DIST,2,AN0,4897,15,-1,2,16.53,AN1,07A7,31,15,2,15.41,,,,,,,,,,,,,,,,,,DIST,3,AN0,4897,15,-1,2,15.71,AN1,5C15,-1,15,2,15.86,AN2,D814,0,30,2,20.85,,,,,,,,,,,
106,Tue Feb  5 16:07:34 20197,DIST,1,AN0,D814,0,30,2,21.05,,,,,,,,,,,,,,,,,,,,,,,,DIST,4,AN0,C295,0,0,2,21.37,AN1,4897,15,-1,2,15.61,AN2,5C15,-1,15,2,15.75,AN3,D814,0,30,2,20.87,,,,,
107,Tue Feb  5 16:07:34 20198,DIST,3,AN0,4897,15,-1,2,15.65,AN1,07A7,31,15,2,15.7,AN2,17AF,30,30,2,21.33,POS,15.66,16.68,1.43,50,,,,,,,DIST,4,AN0,C295,0,0,2,21.26,AN1,4897,15,-1,2,15.56,AN2,5C15,-1,15,2,15.49,AN3,D814,0,30,2,20.99,POS,14.77,20.1,1.97,82
108,Tue Feb  5 16:07:34 20199,DIST,3,AN0,4897,15,-1,2,15.18,AN1,07A7,31,15,2,15.3,AN2,17AF,30,30,2,21.57,POS,15.76,15.97,2.34,50,,,,,,,DIST,2,AN0,4897,15,-1,2,15.26,AN1,5C15,-1,15,2,15.6,,,,,,,,,,,,,,,,,
109,Tue Feb  5 16:07:34 201910,DIST,2,AN0,07A7,31,15,2,15.49,AN1,17AF,30,30,2,21.8,,,,,,,,,,,,,,,,,,DIST,2,AN0,4897,15,-1,2,14.92,AN1,5C15,-1,15,2,15.61,,,,,,,,,,,,,,,,,
110,Tue Feb  5 16:07:35 20191,DIST,3,AN0,4897,15,-1,2,14.82,AN1,07A7,31,15,2,15.46,AN2,17AF,30,30,2,21.94,POS,15.8,15.34,3.03,50,,,,,,,DIST,3,AN0,C295,0,0,2,20.42,AN1,4897,15,-1,2,14.27,AN2,5C15,-1,15,2,15.62,,,,,,,,,,,
111,Tue Feb  5 16:07:35 20192,DIST,3,AN0,4897,15,-1,2,14.81,AN1,07A7,31,15,2,15.54,AN2,17AF,30,30,2,21.98,POS,15.81,14.87,3.54,50,,,,,,,DIST,3,AN0,4897,15,-1,2,14.05,AN1,5C15,-1,15,2,15.65,AN2,D814,0,30,2,22.08,,,,,,,,,,,
112,Tue Feb  5 16:07:35 20193,DIST,4,AN0,4897,15,-1,2,14.65,AN1,D814,0,30,2,21.97,AN2,07A7,31,15,2,15.48,AN3,17AF,30,30,2,21.99,,,,,,DIST,3,AN0,4897,15,-1,2,13.86,AN1,5C15,-1,15,2,15.51,AN2,D814,0,30,2,22.18,,,,,,,,,,,
113,Tue Feb  5 16:07:35 20194,DIST,3,AN0,D814,0,30,2,22.25,AN1,07A7,31,15,2,15.53,AN2,17AF,30,30,2,22.3,,,,,,,,,,,,DIST,3,AN0,4897,15,-1,2,13.66,AN1,5C15,-1,15,2,15.75,AN2,D814,0,30,2,22.3,,,,,,,,,,,
114,Tue Feb  5 16:07:35 20195,DIST,4,AN0,4897,15,-1,2,13.95,AN1,D814,0,30,2,22.46,AN2,07A7,31,15,2,15.49,AN3,17AF,30,30,2,22.54,,,,,,DIST,4,AN0,C295,0,0,2,19.86,AN1,4897,15,-1,2,13.56,AN2,5C15,-1,15,2,15.69,AN3,D814,0,30,2,22.36,,,,,
115,Tue Feb  5 16:07:35 20196,DIST,3,AN0,4897,15,-1,2,13.61,AN1,D814,0,30,2,22.9,AN2,07A7,31,15,2,16.07,POS,15.62,14.32,2.82,50,,,,,,,DIST,3,AN0,4897,15,-1,2,13.43,AN1,5C15,-1,15,2,15.78,AN2,D814,0,30,2,22.44,,,,,,,,,,,
116,Tue Feb  5 16:07:35 20197,DIST,3,AN0,4897,15,-1,2,13.17,AN1,07A7,31,15,2,15.53,AN2,17AF,30,30,2,23.19,POS,15.77,13.66,3.47,50,,,,,,,DIST,3,AN0,4897,15,-1,2,13.19,AN1,5C15,-1,15,2,15.9,AN2,D814,0,30,2,22.66,,,,,,,,,,,
117,Tue Feb  5 16:07:35 20198,DIST,3,AN0,4897,15,-1,2,12.93,AN1,07A7,31,15,2,15.7,AN2,17AF,30,30,2,23.39,POS,15.83,13.12,3.87,50,,,,,,,DIST,2,AN0,4897,15,-1,2,12.85,AN1,5C15,-1,15,2,15.68,,,,,,,,,,,,,,,,,
118,Tue Feb  5 16:07:35 20199,DIST,3,AN0,4897,15,-1,2,12.7,AN1,07A7,31,15,2,15.82,AN2,17AF,30,30,2,23.44,POS,15.79,12.73,2.92,50,,,,,,,DIST,3,AN0,4897,15,-1,2,12.51,AN1,5C15,-1,15,2,15.8,AN2,D814,0,30,2,23.27,,,,,,,,,,,
119,Tue Feb  5 16:07:35 201910,DIST,2,AN0,07A7,31,15,2,15.78,AN1,17AF,30,30,2,23.6,,,,,,,,,,,,,,,,,,DIST,3,AN0,4897,15,-1,2,12.11,AN1,5C15,-1,15,2,15.88,AN2,D814,0,30,2,23.56,,,,,,,,,,,
120,Tue Feb  5 16:07:36 20191,DIST,3,AN0,4897,15,-1,2,12.7,AN1,07A7,31,15,2,15.84,AN2,17AF,30,30,2,23.6,POS,15.82,12.37,1.95,50,,,,,,,DIST,3,AN0,4897,15,-1,2,11.94,AN1,5C15,-1,15,2,15.8,AN2,D814,0,30,2,23.74,POS,14.68,17.84,1.57,50,,,,,,
121,Tue Feb  5 16:07:36 20192,DIST,4,AN0,4897,15,-1,2,12.51,AN1,D814,0,30,2,23.57,AN2,07A7,31,15,2,15.86,AN3,17AF,30,30,2,23.72,,,,,,DIST,2,AN0,4897,15,-1,2,11.72,AN1,D814,0,30,2,23.87,,,,,,,,,,,,,,,,,
122,Tue Feb  5 16:07:36 20193,DIST,3,AN0,5C15,-1,15,2,16.37,AN1,07A7,31,15,2,16.01,AN2,17AF,30,30,2,24.06,,,,,,,,,,,,DIST,4,AN0,C295,0,0,2,18.69,AN1,4897,15,-1,2,11.59,AN2,5C15,-1,15,2,16.1,AN3,D814,0,30,2,23.93,,,,,
123,Tue Feb  5 16:07:36 20194,DIST,2,AN0,D814,0,30,2,24.39,AN1,07A7,31,15,2,16.12,,,,,,,,,,,,,,,,,,DIST,2,AN0,4897,15,-1,2,11.47,AN1,D814,0,30,2,24.05,,,,,,,,,,,,,,,,,
124,Tue Feb  5 16:07:36 20195,DIST,2,AN0,4897,15,-1,2,11.1,AN1,07A7,31,15,2,16.18,,,,,,,,,,,,,,,,,,DIST,3,AN0,C295,0,0,2,18.47,AN1,4897,15,-1,2,11.3,AN2,D814,0,30,2,24.25,,,,,,,,,,,
125,Tue Feb  5 16:07:36 20196,DIST,3,AN0,4897,15,-1,2,10.79,AN1,07A7,31,15,2,16.29,AN2,17AF,30,30,2,25,POS,15.82,11.67,1.42,50,,,,,,,DIST,2,AN0,4897,15,-1,2,10.84,AN1,5C15,-1,15,2,16.18,,,,,,,,,,,,,,,,,
126,Tue Feb  5 16:07:36 20197,DIST,3,AN0,4897,15,-1,2,10.71,AN1,07A7,31,15,2,16.39,AN2,17AF,30,30,2,25.05,POS,15.77,11.13,1.12,50,,,,,,,DIST,3,AN0,4897,15,-1,2,10.23,AN1,5C15,-1,15,2,16.31,AN2,D814,0,30,2,25.04,,,,,,,,,,,
127,Tue Feb  5 16:07:36 20198,DIST,1,AN0,17AF,30,30,2,25.25,,,,,,,,,,,,,,,,,,,,,,,,DIST,3,AN0,4897,15,-1,2,9.9,AN1,5C15,-1,15,2,16.46,AN2,D814,0,30,2,25.31,,,,,,,,,,,
128,Tue Feb  5 16:07:36 20199,DIST,3,AN0,D814,0,30,2,25.07,AN1,07A7,31,15,2,16.37,AN2,17AF,30,30,2,25.23,,,,,,,,,,,,DIST,2,AN0,4897,15,-1,2,9.66,AN1,D814,0,30,2,25.5,,,,,,,,,,,,,,,,,
129,Tue Feb  5 16:07:36 201910,DIST,4,AN0,4897,15,-1,2,10.37,AN1,5C15,-1,15,2,16.78,AN2,D814,0,30,2,25.31,AN3,07A7,31,15,2,16.49,,,,,,DIST,4,AN0,C295,0,0,2,17.52,AN1,4897,15,-1,2,9.48,AN2,5C15,-1,15,2,16.64,AN3,D814,0,30,2,25.63,,,,,
130,Tue Feb  5 16:07:37 20191,DIST,4,AN0,4897,15,-1,2,9.87,AN1,5C15,-1,15,2,16.99,AN2,D814,0,30,2,25.74,AN3,07A7,31,15,2,16.76,POS,15.62,10.62,0.81,100,DIST,2,AN0,C295,0,0,2,17.48,AN1,5C15,-1,15,2,16.69,,,,,,,,,,,,,,,,,
131,Tue Feb  5 16:07:37 20192,DIST,2,AN0,4897,15,-1,2,9.23,AN1,07A7,31,15,2,16.92,,,,,,,,,,,,,,,,,,DIST,4,AN0,C295,0,0,2,17.3,AN1,4897,15,-1,2,9.2,AN2,5C15,-1,15,2,16.92,AN3,D814,0,30,2,25.84,,,,,
132,Tue Feb  5 16:07:37 20193,DIST,3,AN0,4897,15,-1,2,8.8,AN1,07A7,31,15,2,17.08,AN2,17AF,30,30,2,26.65,POS,15.65,9.86,0.64,50,,,,,,,DIST,3,AN0,C295,0,0,2,17.07,AN1,4897,15,-1,2,8.92,AN2,5C15,-1,15,2,16.77,,,,,,,,,,,
133,Tue Feb  5 16:07:37 20194,DIST,3,AN0,4897,15,-1,2,8.57,AN1,07A7,31,15,2,17.22,AN2,17AF,30,30,2,26.84,POS,15.65,9.24,0.55,50,,,,,,,DIST,4,AN0,C295,0,0,2,16.73,AN1,4897,15,-1,2,8.36,AN2,5C15,-1,15,2,16.98,AN3,D814,0,30,2,26.59,POS,14.6,15.27,1.2,64
134,Tue Feb  5 16:07:37 20195,DIST,3,AN0,4897,15,-1,2,8.45,AN1,07A7,31,15,2,17.39,AN2,17AF,30,30,2,27.06,POS,15.64,8.72,0.4,50,,,,,,,DIST,4,AN0,C295,0,0,2,16.85,AN1,4897,15,-1,2,7.82,AN2,5C15,-1,15,2,17.18,AN3,D814,0,30,2,26.92,,,,,
135,Tue Feb  5 16:07:37 20196,DIST,2,AN0,15B8,30,0,2,16.69,AN1,07A7,31,15,2,17.29,,,,,,,,,,,,,,,,,,DIST,4,AN0,C295,0,0,2,16.64,AN1,4897,15,-1,2,7.57,AN2,5C15,-1,15,2,17.33,AN3,D814,0,30,2,27.24,POS,14.55,13.15,0.92,0
136,Tue Feb  5 16:07:37 20197,DIST,3,AN0,4897,15,-1,2,8.3,AN1,15B8,30,0,2,16.59,AN2,07A7,31,15,2,17.42,,,,,,,,,,,,DIST,3,AN0,4897,15,-1,2,7.33,AN1,5C15,-1,15,2,17.41,AN2,D814,0,30,2,27.46,POS,14.48,11.48,0.78,50,,,,,,
137,Tue Feb  5 16:07:37 20198,DIST,4,AN0,4897,15,-1,2,7.82,AN1,5C15,-1,15,2,17.68,AN2,D814,0,30,2,27.31,AN3,07A7,31,15,2,17.57,POS,15.45,8.3,0.35,100,DIST,3,AN0,C295,0,0,2,16.34,AN1,4897,15,-1,2,7.24,AN2,5C15,-1,15,2,17.52,,,,,,,,,,,
138,Tue Feb  5 16:07:37 20199,DIST,3,AN0,4897,15,-1,2,7.62,AN1,15B8,30,0,2,16.16,AN2,07A7,31,15,2,17.82,POS,15.4,7.88,0.65,50,,,,,,,DIST,2,AN0,4897,15,-1,2,7.17,AN1,5C15,-1,15,2,17.55,,,,,,,,,,,,,,,,,
139,Tue Feb  5 16:07:37 201910,DIST,3,AN0,4897,15,-1,2,6.89,AN1,15B8,30,0,2,15.94,AN2,07A7,31,15,2,17.97,,,,,,,,,,,,DIST,4,AN0,C295,0,0,2,16.29,AN1,4897,15,-1,2,6.96,AN2,5C15,-1,15,2,17.77,AN3,17AF,30,30,2,28.39,POS,14.48,10.15,0.65,57
140,Tue Feb  5 16:07:38 20191,DIST,4,AN0,4897,15,-1,2,6.52,AN1,15B8,30,0,2,15.75,AN2,D814,0,30,2,28.5,AN3,07A7,31,15,2,18.08,,,,,,DIST,1,AN0,4897,15,-1,2,6.67,,,,,,,,,,,,,,,,,,,,,,,
141,Tue Feb  5 16:07:38 20192,DIST,3,AN0,4897,15,-1,2,6.37,AN1,15B8,30,0,2,15.74,AN2,07A7,31,15,2,18.32,POS,15.35,7.31,0.55,50,,,,,,,DIST,3,AN0,C295,0,0,2,15.82,AN1,4897,15,-1,2,6.07,AN2,5C15,-1,15,2,18.23,,,,,,,,,,,
142,Tue Feb  5 16:07:38 20193,DIST,3,AN0,4897,15,-1,2,6.29,AN1,15B8,30,0,2,15.71,AN2,07A7,31,15,2,18.36,POS,15.31,6.86,0.5,50,,,,,,,DIST,4,AN0,C295,0,0,2,16.01,AN1,4897,15,-1,2,5.71,AN2,5C15,-1,15,2,18.32,AN3,D814,0,30,2,28.88,POS,14.45,8.83,0.59,0
143,Tue Feb  5 16:07:38 20194,DIST,4,AN0,4897,15,-1,2,6.16,AN1,15B8,30,0,2,15.79,AN2,07A7,31,15,2,18.28,AN3,17AF,30,30,2,28.96,POS,15.25,6.44,0.8,100,DIST,4,AN0,C295,0,0,2,15.84,AN1,4897,15,-1,2,5.47,AN2,5C15,-1,15,2,18.49,AN3,D814,0,30,2,29.12,POS,14.44,7.78,0.57,0
144,Tue Feb  5 16:07:38 20195,DIST,3,AN0,4897,15,-1,2,6.14,AN1,07A7,31,15,2,18.39,AN2,17AF,30,30,2,29.04,POS,15.42,6,0.57,50,,,,,,,DIST,4,AN0,C295,0,0,2,15.5,AN1,4897,15,-1,2,5.33,AN2,5C15,-1,15,2,18.65,AN3,D814,0,30,2,29.32,POS,14.44,6.95,0.6,67
145,Tue Feb  5 16:07:38 20196,DIST,4,AN0,4897,15,-1,2,5.93,AN1,15B8,30,0,2,15.54,AN2,5C15,-1,15,2,18.73,AN3,07A7,31,15,2,18.55,POS,15.38,5.77,0.57,100,DIST,4,AN0,C295,0,0,2,15.51,AN1,4897,15,-1,2,5.22,AN2,5C15,-1,15,2,18.64,AN3,D814,0,30,2,29.44,POS,14.38,6.27,0.78,0
146,Tue Feb  5 16:07:38 20197,DIST,3,AN0,4897,15,-1,2,5.42,AN1,15B8,30,0,2,15.39,AN2,07A7,31,15,2,18.74,,,,,,,,,,,,DIST,4,AN0,C295,0,0,2,15.71,AN1,4897,15,-1,2,5.15,AN2,5C15,-1,15,2,18.66,AN3,D814,0,30,2,29.42,POS,14.36,5.76,0.77,0
147,Tue Feb  5 16:07:38 20198,DIST,3,AN0,4897,15,-1,2,5.11,AN1,15B8,30,0,2,15.23,AN2,07A7,31,15,2,18.94,POS,15.37,5.4,0.59,50,,,,,,,DIST,3,AN0,C295,0,0,2,15.88,AN1,4897,15,-1,2,4.98,AN2,5C15,-1,15,2,18.77,,,,,,,,,,,
148,Tue Feb  5 16:07:38 20199,DIST,4,AN0,4897,15,-1,2,4.81,AN1,15B8,30,0,2,15.17,AN2,D814,0,30,2,29.98,AN3,07A7,31,15,2,19.04,,,,,,DIST,3,AN0,C295,0,0,2,15.79,AN1,4897,15,-1,2,4.79,AN2,5C15,-1,15,2,18.91,,,,,,,,,,,
149,Tue Feb  5 16:07:38 201910,DIST,3,AN0,4897,15,-1,2,4.6,AN1,15B8,30,0,2,15.19,AN2,07A7,31,15,2,19.2,,,,,,,,,,,,DIST,4,AN0,C295,0,0,2,15.49,AN1,4897,15,-1,2,4.36,AN2,5C15,-1,15,2,19.07,AN3,D814,0,30,2,30.08,POS,14.33,5.19,0.76,0
150,Tue Feb  5 16:07:39 20191,DIST,2,AN0,4897,15,-1,2,4.59,AN1,07A7,31,15,2,19.31,,,,,,,,,,,,,,,,,,DIST,4,AN0,C295,0,0,2,15.41,AN1,4897,15,-1,2,4.22,AN2,5C15,-1,15,2,19.28,AN3,D814,0,30,2,30.32,POS,14.33,4.71,0.84,0
151,Tue Feb  5 16:07:39 20192,DIST,3,AN0,4897,15,-1,2,4.66,AN1,5C15,-1,15,2,19.46,AN2,07A7,31,15,2,19.31,,,,,,,,,,,,DIST,4,AN0,C295,0,0,2,15.44,AN1,4897,15,-1,2,4.14,AN2,15B8,30,0,2,15.33,AN3,5C15,-1,15,2,19.45,,,,,
152,Tue Feb  5 16:07:39 20193,DIST,4,AN0,C295,0,0,2,15.88,AN1,4897,15,-1,2,4.65,AN2,5C15,-1,15,2,19.48,AN3,07A7,31,15,2,19.29,,,,,,DIST,4,AN0,C295,0,0,2,15.42,AN1,4897,15,-1,2,4,AN2,15B8,30,0,2,15.28,AN3,5C15,-1,15,2,19.53,,,,,
153,Tue Feb  5 16:07:39 20194,DIST,4,AN0,C295,0,0,2,15.92,AN1,4897,15,-1,2,5.03,AN2,5C15,-1,15,2,19.43,AN3,07A7,31,15,2,19.39,POS,15.28,5.05,0.83,64,DIST,3,AN0,C295,0,0,2,15.49,AN1,4897,15,-1,2,3.93,AN2,5C15,-1,15,2,19.85,,,,,,,,,,,
154,Tue Feb  5 16:07:39 20195,DIST,3,AN0,15B8,30,0,2,15.26,AN1,5C15,-1,15,2,19.63,AN2,07A7,31,15,2,19.37,POS,15.25,4.73,0.79,50,,,,,,,DIST,2,AN0,C295,0,0,2,15.49,AN1,4897,15,-1,2,3.89,,,,,,,,,,,,,,,,,
155,Tue Feb  5 16:07:39 20196,DIST,3,AN0,4897,15,-1,2,4.4,AN1,5C15,-1,15,2,19.87,AN2,07A7,31,15,2,19.38,POS,15.26,4.44,0.78,50,,,,,,,DIST,4,AN0,C295,0,0,2,15.44,AN1,4897,15,-1,2,3.88,AN2,5C15,-1,15,2,19.64,AN3,D814,0,30,2,30.76,POS,14.35,4.24,1.07,0
156,Tue Feb  5 16:07:39 20197,DIST,4,AN0,4897,15,-1,2,4.18,AN1,15B8,30,0,2,14.92,AN2,5C15,-1,15,2,19.83,AN3,07A7,31,15,2,19.41,POS,15.3,4.17,0.76,100,DIST,3,AN0,C295,0,0,2,15.58,AN1,4897,15,-1,2,3.63,AN2,5C15,-1,15,2,19.74,,,,,,,,,,,
157,Tue Feb  5 16:07:39 20198,DIST,3,AN0,4897,15,-1,2,4.11,AN1,5C15,-1,15,2,19.84,AN2,07A7,31,15,2,19.4,,,,,,,,,,,,DIST,3,AN0,C295,0,0,2,15.71,AN1,4897,15,-1,2,3.79,AN2,5C15,-1,15,2,20.01,,,,,,,,,,,
158,Tue Feb  5 16:07:39 20199,DIST,2,AN0,4897,15,-1,2,4.45,AN1,5C15,-1,15,2,19.83,,,,,,,,,,,,,,,,,,DIST,2,AN0,C295,0,0,2,15.96,AN1,4897,15,-1,2,3.74,,,,,,,,,,,,,,,,,
159,Tue Feb  5 16:07:39 201910,DIST,3,AN0,C295,0,0,2,15.95,AN1,4897,15,-1,2,4.34,AN2,5C15,-1,15,2,19.83,,,,,,,,,,,,DIST,2,AN0,C295,0,0,2,16.17,AN1,4897,15,-1,2,3.8,,,,,,,,,,,,,,,,,
160,Tue Feb  5 16:07:40 20191,DIST,4,AN0,C295,0,0,2,16.02,AN1,4897,15,-1,2,4.15,AN2,5C15,-1,15,2,19.8,AN3,07A7,31,15,2,19.41,,,,,,DIST,3,AN0,C295,0,0,2,16.33,AN1,4897,15,-1,2,3.96,AN2,07A7,31,15,2,19.35,POS,14.79,3.86,1.08,50,,,,,,
161,Tue Feb  5 16:07:40 20192,DIST,3,AN0,C295,0,0,2,16.15,AN1,4897,15,-1,2,4.2,AN2,07A7,31,15,2,19.52,POS,15.43,3.83,0.68,50,,,,,,,DIST,3,AN0,C295,0,0,2,16.4,AN1,4897,15,-1,2,3.93,AN2,15B8,30,0,2,14.25,POS,15.11,3.32,0.65,50,,,,,,
162,Tue Feb  5 16:07:40 20193,DIST,3,AN0,4897,15,-1,2,4.21,AN1,5C15,-1,15,2,20.47,AN2,07A7,31,15,2,19.04,POS,15.54,3.71,0.67,50,,,,,,,DIST,3,AN0,C295,0,0,2,16.42,AN1,4897,15,-1,2,3.86,AN2,15B8,30,0,2,14.23,POS,15.37,2.84,0.29,50,,,,,,
163,Tue Feb  5 16:07:40 20194,DIST,3,AN0,C295,0,0,2,16.85,AN1,4897,15,-1,2,4.18,AN2,07A7,31,15,2,18.99,POS,15.8,3.45,0.71,50,,,,,,,DIST,2,AN0,C295,0,0,2,16.5,AN1,4897,15,-1,2,3.83,,,,,,,,,,,,,,,,,
164,Tue Feb  5 16:07:40 20195,DIST,4,AN0,C295,0,0,2,17.17,AN1,4897,15,-1,2,4.44,AN2,5C15,-1,15,2,20.86,AN3,07A7,31,15,2,18.62,POS,15.95,3.44,0.72,61,DIST,3,AN0,C295,0,0,2,16.93,AN1,4897,15,-1,2,4.06,AN2,15B8,30,0,2,13.8,POS,15.68,2.37,1.51,50,,,,,,
165,Tue Feb  5 16:07:40 20196,DIST,4,AN0,C295,0,0,2,17.15,AN1,4897,15,-1,2,4.61,AN2,5C15,-1,15,2,20.85,AN3,07A7,31,15,2,18.4,POS,16.09,3.48,0.69,80,DIST,2,AN0,C295,0,0,2,17.45,AN1,4897,15,-1,2,4.45,,,,,,,,,,,,,,,,,
166,Tue Feb  5 16:07:40 20197,DIST,3,AN0,C295,0,0,2,17.16,AN1,4897,15,-1,2,4.45,AN2,5C15,-1,15,2,20.92,,,,,,,,,,,,DIST,4,AN0,C295,0,0,2,17.79,AN1,4897,15,-1,2,4.41,AN2,15B8,30,0,2,12.94,AN3,07A7,31,15,2,18.18,POS,16.09,2.52,1.32,85
167,Tue Feb  5 16:07:40 20198,DIST,4,AN0,C295,0,0,2,17.32,AN1,4897,15,-1,2,4.47,AN2,5C15,-1,15,2,20.93,AN3,07A7,31,15,2,18.3,,,,,,DIST,4,AN0,C295,0,0,2,17.81,AN1,4897,15,-1,2,4.63,AN2,15B8,30,0,2,12.68,AN3,07A7,31,15,2,18.04,POS,16.47,2.6,1.31,100
168,Tue Feb  5 16:07:40 20199,DIST,3,AN0,C295,0,0,2,17.72,AN1,4897,15,-1,2,4.66,AN2,07A7,31,15,2,18.22,POS,16.43,3.32,0.78,50,,,,,,,DIST,3,AN0,C295,0,0,2,18.05,AN1,4897,15,-1,2,4.63,AN2,07A7,31,15,2,18.03,POS,16.82,2.62,1.41,50,,,,,,
169,Tue Feb  5 16:07:40 201910,DIST,3,AN0,C295,0,0,2,18.22,AN1,4897,15,-1,2,4.96,AN2,07A7,31,15,2,17.8,POS,16.82,3.21,0.9,50,,,,,,,DIST,3,AN0,C295,0,0,2,18.1,AN1,4897,15,-1,2,4.82,AN2,15B8,30,0,2,12.49,POS,17.08,2.64,1.28,50,,,,,,
170,Tue Feb  5 16:07:41 20191,DIST,3,AN0,4897,15,-1,2,5.43,AN1,D814,0,30,2,32.28,AN2,07A7,31,15,2,17.2,POS,17.18,3.26,0.99,50,,,,,,,DIST,3,AN0,C295,0,0,2,18.51,AN1,4897,15,-1,2,4.91,AN2,15B8,30,0,2,12.33,POS,17.35,2.07,2.33,50,,,,,,
171,Tue Feb  5 16:07:41 20192,DIST,4,AN0,4897,15,-1,2,5.75,AN1,15B8,30,0,2,11.79,AN2,5C15,-1,15,2,22.41,AN3,07A7,31,15,2,17.01,POS,17.47,3.36,1.13,100,DIST,3,AN0,C295,0,0,2,19.11,AN1,4897,15,-1,2,5.33,AN2,15B8,30,0,2,11.69,POS,17.72,1.74,3.07,50,,,,,,
172,Tue Feb  5 16:07:41 20193,DIST,3,AN0,4897,15,-1,2,5.34,AN1,5C15,-1,15,2,22.53,AN2,07A7,31,15,2,16.95,,,,,,,,,,,,DIST,4,AN0,C295,0,0,2,19.65,AN1,4897,15,-1,2,5.61,AN2,15B8,30,0,2,11.1,AN3,07A7,31,15,2,16.86,POS,18.09,2.03,2.51,83
173,Tue Feb  5 16:07:41 20194,DIST,3,AN0,4897,15,-1,2,5.51,AN1,5C15,-1,15,2,22.66,AN2,07A7,31,15,2,17.04,POS,17.72,3.37,1.09,50,,,,,,,DIST,4,AN0,C295,0,0,2,19.87,AN1,4897,15,-1,2,5.87,AN2,15B8,30,0,2,10.78,AN3,07A7,31,15,2,16.64,POS,18.46,2.24,2.11,93
174,Tue Feb  5 16:07:41 20195,DIST,3,AN0,C295,0,0,2,19.53,AN1,4897,15,-1,2,5.76,AN2,07A7,31,15,2,16.93,POS,18.12,3.21,1.17,50,,,,,,,DIST,4,AN0,C295,0,0,2,20.47,AN1,4897,15,-1,2,6.01,AN2,15B8,30,0,2,10.51,AN3,07A7,31,15,2,16.45,POS,18.79,2.4,1.73,59
175,Tue Feb  5 16:07:41 20196,DIST,3,AN0,C295,0,0,2,20.02,AN1,4897,15,-1,2,6.09,AN2,07A7,31,15,2,16.43,POS,18.55,3.13,1.08,50,,,,,,,DIST,4,AN0,C295,0,0,2,20.32,AN1,4897,15,-1,2,6.13,AN2,15B8,30,0,2,10.5,AN3,07A7,31,15,2,16.42,POS,19.06,2.52,1.54,78
176,Tue Feb  5 16:07:41 20197,DIST,3,AN0,4897,15,-1,2,6.52,AN1,5C15,-1,15,2,23.88,AN2,07A7,31,15,2,16.02,POS,18.89,3.2,1.08,50,,,,,,,DIST,4,AN0,C295,0,0,2,20.42,AN1,4897,15,-1,2,6.19,AN2,15B8,30,0,2,10.27,AN3,07A7,31,15,2,16.4,POS,19.3,2.58,1.39,84
177,Tue Feb  5 16:07:41 20198,DIST,4,AN0,4897,15,-1,2,6.93,AN1,15B8,30,0,2,10.02,AN2,5C15,-1,15,2,24.13,AN3,07A7,31,15,2,15.63,POS,19.29,3.24,1.03,100,DIST,3,AN0,C295,0,0,2,20.75,AN1,4897,15,-1,2,6.47,AN2,15B8,30,0,2,10.28,POS,19.58,1.65,2.43,50,,,,,,
178,Tue Feb  5 16:07:41 20199,DIST,4,AN0,4897,15,-1,2,7.13,AN1,15B8,30,0,2,9.66,AN2,5C15,-1,15,2,24.43,AN3,07A7,31,15,2,15.46,POS,19.68,3.25,0.95,100,DIST,3,AN0,C295,0,0,2,21.13,AN1,4897,15,-1,2,6.81,AN2,15B8,30,0,2,9.73,POS,19.9,1.21,3.16,50,,,,,,
179,Tue Feb  5 16:07:41 201910,DIST,4,AN0,4897,15,-1,2,7.28,AN1,15B8,30,0,2,9.3,AN2,5C15,-1,15,2,24.56,AN3,07A7,31,15,2,15.47,,,,,,DIST,3,AN0,4897,15,-1,2,7.28,AN1,15B8,30,0,2,9.31,AN2,07A7,31,15,2,15.57,POS,20.21,1.64,2.75,50,,,,,,
180,Tue Feb  5 16:07:42 20191,DIST,4,AN0,4897,15,-1,2,7.27,AN1,15B8,30,0,2,9.55,AN2,5C15,-1,15,2,24.66,AN3,07A7,31,15,2,15.79,POS,19.99,3.34,0.74,54,DIST,4,AN0,C295,0,0,2,22.12,AN1,4897,15,-1,2,7.62,AN2,15B8,30,0,2,8.65,AN3,07A7,31,15,2,15.33,POS,20.68,1.84,2.1,85
181,Tue Feb  5 16:07:42 20192,DIST,3,AN0,4897,15,-1,2,7.36,AN1,5C15,-1,15,2,24.83,AN2,07A7,31,15,2,15.35,POS,20.23,3.35,0.89,50,,,,,,,DIST,4,AN0,C295,0,0,2,22.41,AN1,4897,15,-1,2,7.84,AN2,15B8,30,0,2,8.3,AN3,07A7,31,15,2,15.14,POS,21.02,2.06,1.73,85
182,Tue Feb  5 16:07:42 20193,DIST,3,AN0,4897,15,-1,2,7.66,AN1,5C15,-1,15,2,25.11,AN2,07A7,31,15,2,15.2,POS,20.49,3.35,0.96,50,,,,,,,DIST,4,AN0,C295,0,0,2,22.57,AN1,4897,15,-1,2,8.03,AN2,15B8,30,0,2,8.29,AN3,07A7,31,15,2,15.03,POS,21.39,2.15,1.31,82
183,Tue Feb  5 16:07:42 20194,DIST,3,AN0,4897,15,-1,2,7.98,AN1,5C15,-1,15,2,25.5,AN2,07A7,31,15,2,14.84,POS,20.79,3.36,1.01,50,,,,,,,DIST,2,AN0,4897,15,-1,2,8.01,AN1,15B8,30,0,2,8.24,,,,,,,,,,,,,,,,,
184,Tue Feb  5 16:07:42 20195,DIST,3,AN0,4897,15,-1,2,8.35,AN1,5C15,-1,15,2,25.77,AN2,07A7,31,15,2,14.67,POS,21.1,3.38,1.02,50,,,,,,,DIST,2,AN0,4897,15,-1,2,8.24,AN1,15B8,30,0,2,7.98,,,,,,,,,,,,,,,,,
185,Tue Feb  5 16:07:42 20196,DIST,3,AN0,4897,15,-1,2,8.61,AN1,5C15,-1,15,2,26.15,AN2,07A7,31,15,2,14.32,POS,21.45,3.39,0.96,50,,,,,,,DIST,2,AN0,C295,0,0,2,23.03,AN1,4897,15,-1,2,8.44,,,,,,,,,,,,,,,,,
186,Tue Feb  5 16:07:42 20197,DIST,4,AN0,4897,15,-1,2,9.01,AN1,15B8,30,0,2,7.55,AN2,5C15,-1,15,2,26.35,AN3,07A7,31,15,2,14.15,POS,21.85,3.35,0.91,100,DIST,3,AN0,C295,0,0,2,23.3,AN1,4897,15,-1,2,8.74,AN2,15B8,30,0,2,7.63,POS,21.81,1.61,2.28,50,,,,,,
187,Tue Feb  5 16:07:42 20198,DIST,3,AN0,4897,15,-1,2,9.03,AN1,15B8,30,0,2,7.67,AN2,07A7,31,15,2,14.1,POS,22.14,3.34,0.91,50,,,,,,,DIST,2,AN0,C295,0,0,2,23.71,AN1,15B8,30,0,2,7.13,,,,,,,,,,,,,,,,,
188,Tue Feb  5 16:07:42 20199,DIST,3,AN0,4897,15,-1,2,9.02,AN1,15B8,30,0,2,7.68,AN2,07A7,31,15,2,14.17,POS,22.35,3.33,0.96,50,,,,,,,DIST,4,AN0,C295,0,0,2,24.06,AN1,4897,15,-1,2,9.38,AN2,15B8,30,0,2,7,AN3,07A7,31,15,2,14.2,POS,22.25,1.93,2.04,71
189,Tue Feb  5 16:07:42 201910,DIST,4,AN0,4897,15,-1,2,9.1,AN1,15B8,30,0,2,7.65,AN2,D814,0,30,2,35.4,AN3,07A7,31,15,2,14.12,POS,22.56,3.3,0.92,100,DIST,3,AN0,4897,15,-1,2,9.6,AN1,15B8,30,0,2,6.8,AN2,07A7,31,15,2,14.01,POS,22.64,2.18,1.79,50,,,,,,
190,Tue Feb  5 16:07:43 20191,DIST,3,AN0,4897,15,-1,2,9.3,AN1,5C15,-1,15,2,26.65,AN2,07A7,31,15,2,14.24,POS,22.65,3.33,0.7,50,,,,,,,DIST,4,AN0,C295,0,0,2,24.47,AN1,4897,15,-1,2,9.6,AN2,15B8,30,0,2,6.66,AN3,07A7,31,15,2,13.93,POS,22.95,2.37,1.48,63
191,Tue Feb  5 16:07:43 20192,DIST,2,AN0,4897,15,-1,2,9.6,AN1,07A7,31,15,2,14,,,,,,,,,,,,,,,,,,DIST,4,AN0,C295,0,0,2,24.41,AN1,4897,15,-1,2,9.68,AN2,15B8,30,0,2,6.63,AN3,07A7,31,15,2,13.92,POS,23.19,2.51,1.3,73
192,Tue Feb  5 16:07:43 20193,DIST,4,AN0,C295,0,0,2,24.22,AN1,4897,15,-1,2,10.06,AN2,5C15,-1,15,2,26.99,AN3,07A7,31,15,2,13.85,POS,22.83,3.44,0.31,64,DIST,4,AN0,C295,0,0,2,24.49,AN1,4897,15,-1,2,9.84,AN2,15B8,30,0,2,6.57,AN3,07A7,31,15,2,13.78,POS,23.41,2.65,1.18,79
193,Tue Feb  5 16:07:43 20194,DIST,3,AN0,4897,15,-1,2,9.87,AN1,15B8,30,0,2,7.09,AN2,07A7,31,15,2,13.58,POS,23.08,3.45,0.65,50,,,,,,,DIST,3,AN0,4897,15,-1,2,9.95,AN1,15B8,30,0,2,6.46,AN2,07A7,31,15,2,13.9,POS,23.6,2.7,1.23,50,,,,,,
194,Tue Feb  5 16:07:43 20195,DIST,2,AN0,4897,15,-1,2,9.94,AN1,07A7,31,15,2,13.42,,,,,,,,,,,,,,,,,,DIST,2,AN0,4897,15,-1,2,10.14,AN1,15B8,30,0,2,6.43,,,,,,,,,,,,,,,,,
195,Tue Feb  5 16:07:43 20196,DIST,4,AN0,4897,15,-1,2,10.13,AN1,15B8,30,0,2,7.23,AN2,5C15,-1,15,2,27.17,AN3,07A7,31,15,2,13.34,POS,23.26,3.53,0.76,89,DIST,3,AN0,4897,15,-1,2,10.32,AN1,15B8,30,0,2,6.25,AN2,07A7,31,15,2,13.52,POS,23.83,2.81,1.2,50,,,,,,
196,Tue Feb  5 16:07:43 20197,DIST,2,AN0,4897,15,-1,2,10.13,AN1,07A7,31,15,2,13.3,,,,,,,,,,,,,,,,,,DIST,4,AN0,4897,15,-1,2,10.48,AN1,15B8,30,0,2,6.32,AN2,07A7,31,15,2,13.32,AN3,17AF,30,30,2,27.27,POS,24.03,2.91,1.11,100
197,Tue Feb  5 16:07:43 20198,DIST,3,AN0,4897,15,-1,2,10.11,AN1,15B8,30,0,2,6.95,AN2,07A7,31,15,2,13.37,POS,23.45,3.54,0.93,50,,,,,,,DIST,3,AN0,15B8,30,0,2,6.27,AN1,07A7,31,15,2,13.26,AN2,17AF,30,30,2,27.22,POS,24.32,3.01,0.77,50,,,,,,
198,Tue Feb  5 16:07:43 20199,DIST,3,AN0,4897,15,-1,2,10.14,AN1,15B8,30,0,2,6.78,AN2,07A7,31,15,2,13.3,POS,23.62,3.55,0.92,50,,,,,,,DIST,3,AN0,15B8,30,0,2,6.25,AN1,07A7,31,15,2,13.21,AN2,17AF,30,30,2,27.07,,,,,,,,,,,
199,Tue Feb  5 16:07:43 201910,DIST,3,AN0,4897,15,-1,2,10.24,AN1,15B8,30,0,2,6.89,AN2,D814,0,30,2,35.61,POS,23.75,3.61,0.9,50,,,,,,,DIST,3,AN0,15B8,30,0,2,6.26,AN1,07A7,31,15,2,13.16,AN2,17AF,30,30,2,27.1,POS,24.44,3.11,0.91,50,,,,,,
200,Tue Feb  5 16:07:44 20191,DIST,4,AN0,4897,15,-1,2,10.29,AN1,15B8,30,0,2,6.93,AN2,D814,0,30,2,35.67,AN3,07A7,31,15,2,13.6,POS,23.86,3.54,0.76,100,DIST,3,AN0,15B8,30,0,2,6.24,AN1,07A7,31,15,2,13.07,AN2,17AF,30,30,2,27.05,POS,24.64,3.2,0.64,50,,,,,,
201,Tue Feb  5 16:07:44 20192,DIST,3,AN0,4897,15,-1,2,10.38,AN1,15B8,30,0,2,7.04,AN2,5C15,-1,15,2,27.34,POS,23.92,3.69,0.72,50,,,,,,,DIST,3,AN0,15B8,30,0,2,6.33,AN1,07A7,31,15,2,13.12,AN2,17AF,30,30,2,26.96,,,,,,,,,,,
202,Tue Feb  5 16:07:44 20193,DIST,3,AN0,4897,15,-1,2,10.38,AN1,15B8,30,0,2,6.84,AN2,5C15,-1,15,2,27.24,,,,,,,,,,,,DIST,3,AN0,4897,15,-1,2,10.89,AN1,15B8,30,0,2,6.38,AN2,07A7,31,15,2,12.91,POS,24.69,3.32,0.84,50,,,,,,
203,Tue Feb  5 16:07:44 20194,DIST,3,AN0,4897,15,-1,2,10.45,AN1,15B8,30,0,2,6.87,AN2,5C15,-1,15,2,27.32,,,,,,,,,,,,DIST,3,AN0,15B8,30,0,2,6.53,AN1,07A7,31,15,2,12.63,AN2,17AF,30,30,2,26.65,POS,25.12,3.45,2.09,50,,,,,,
204,Tue Feb  5 16:07:44 20195,DIST,3,AN0,C295,0,0,2,24.87,AN1,4897,15,-1,2,10.58,AN2,5C15,-1,15,2,27.33,,,,,,,,,,,,DIST,3,AN0,15B8,30,0,2,6.79,AN1,07A7,31,15,2,12.44,AN2,17AF,30,30,2,26.31,POS,25.15,3.65,1.48,50,,,,,,
205,Tue Feb  5 16:07:44 20196,DIST,1,AN0,4897,15,-1,2,10.38,,,,,,,,,,,,,,,,,,,,,,,,DIST,3,AN0,15B8,30,0,2,6.88,AN1,07A7,31,15,2,12.31,AN2,17AF,30,30,2,26.15,POS,25.12,3.83,1.16,50,,,,,,
206,Tue Feb  5 16:07:44 20197,DIST,2,AN0,C295,0,0,2,24.85,AN1,4897,15,-1,2,10.49,,,,,,,,,,,,,,,,,,DIST,3,AN0,15B8,30,0,2,7.02,AN1,07A7,31,15,2,12.39,AN2,17AF,30,30,2,26.07,,,,,,,,,,,
207,Tue Feb  5 16:07:44 20198,DIST,3,AN0,C295,0,0,2,24.8,AN1,4897,15,-1,2,10.53,AN2,15B8,30,0,2,7.13,POS,24.05,3.01,2.11,50,,,,,,,DIST,3,AN0,15B8,30,0,2,7.02,AN1,07A7,31,15,2,12.2,AN2,17AF,30,30,2,25.99,POS,25.04,4.02,1.08,50,,,,,,
208,Tue Feb  5 16:07:44 20199,DIST,3,AN0,4897,15,-1,2,10.65,AN1,15B8,30,0,2,7.3,AN2,5C15,-1,15,2,26.75,,,,,,,,,,,,DIST,3,AN0,15B8,30,0,2,7.08,AN1,07A7,31,15,2,12.18,AN2,17AF,30,30,2,25.93,POS,24.88,4.17,0.9,50,,,,,,
209,Tue Feb  5 16:07:44 201910,DIST,4,AN0,4897,15,-1,2,10.78,AN1,15B8,30,0,2,7.83,AN2,5C15,-1,15,2,26.53,AN3,17AF,30,30,2,25.64,POS,24.02,3.53,1.85,100,DIST,2,AN0,15B8,30,0,2,7.24,AN1,07A7,31,15,2,11.89,,,,,,,,,,,,,,,,,
210,Tue Feb  5 16:07:45 20191,DIST,4,AN0,4897,15,-1,2,10.88,AN1,15B8,30,0,2,8.07,AN2,5C15,-1,15,2,26.44,AN3,07A7,31,15,2,12.2,POS,23.92,3.94,1.49,83,DIST,3,AN0,15B8,30,0,2,7.7,AN1,07A7,31,15,2,11.51,AN2,17AF,30,30,2,25.28,POS,25.26,4.46,2.23,50,,,,,,
211,Tue Feb  5 16:07:45 20192,DIST,3,AN0,4897,15,-1,2,11.01,AN1,15B8,30,0,2,8.05,AN2,5C15,-1,15,2,26.39,,,,,,,,,,,,DIST,3,AN0,15B8,30,0,2,8.1,AN1,07A7,31,15,2,11.1,AN2,17AF,30,30,2,24.6,,,,,,,,,,,
212,Tue Feb  5 16:07:45 20193,DIST,4,AN0,4897,15,-1,2,11.09,AN1,15B8,30,0,2,8.05,AN2,5C15,-1,15,2,26.42,AN3,07A7,31,15,2,12.01,POS,23.85,4.28,1.14,79,DIST,3,AN0,15B8,30,0,2,8.49,AN1,07A7,31,15,2,10.99,AN2,17AF,30,30,2,24.36,POS,24.93,4.92,1.65,50,,,,,,
213,Tue Feb  5 16:07:45 20194,DIST,2,AN0,4897,15,-1,2,11.02,AN1,15B8,30,0,2,8.12,,,,,,,,,,,,,,,,,,DIST,3,AN0,15B8,30,0,2,8.59,AN1,07A7,31,15,2,10.84,AN2,17AF,30,30,2,24.22,POS,24.78,5.31,1.67,50,,,,,,
214,Tue Feb  5 16:07:45 20195,DIST,3,AN0,4897,15,-1,2,11.25,AN1,15B8,30,0,2,8.45,AN2,5C15,-1,15,2,26.15,,,,,,,,,,,,DIST,3,AN0,15B8,30,0,2,8.73,AN1,07A7,31,15,2,10.66,AN2,17AF,30,30,2,24.08,POS,24.88,5.63,2.51,50,,,,,,
215,Tue Feb  5 16:07:45 20196,DIST,2,AN0,C295,0,0,2,24.85,AN1,4897,15,-1,2,11.36,,,,,,,,,,,,,,,,,,DIST,3,AN0,15B8,30,0,2,8.78,AN1,07A7,31,15,2,10.58,AN2,17AF,30,30,2,24.01,POS,24.98,5.89,3.19,50,,,,,,
216,Tue Feb  5 16:07:45 20197,DIST,2,AN0,4897,15,-1,2,11.73,AN1,5C15,-1,15,2,25.6,,,,,,,,,,,,,,,,,,DIST,3,AN0,15B8,30,0,2,9,AN1,07A7,31,15,2,10.37,AN2,17AF,30,30,2,23.64,POS,24.76,6.18,2.42,50,,,,,,
217,Tue Feb  5 16:07:45 20198,DIST,3,AN0,C295,0,0,2,24.93,AN1,4897,15,-1,2,12,AN2,5C15,-1,15,2,25.52,,,,,,,,,,,,DIST,2,AN0,15B8,30,0,2,9.44,AN1,07A7,31,15,2,10.05,,,,,,,,,,,,,,,,,
218,Tue Feb  5 16:07:45 20199,DIST,3,AN0,4897,15,-1,2,12,AN1,5C15,-1,15,2,25.48,AN2,17AF,30,30,2,23.23,POS,23.75,5.13,0.98,50,,,,,,,DIST,3,AN0,15B8,30,0,2,9.84,AN1,07A7,31,15,2,9.64,AN2,17AF,30,30,2,22.98,POS,25.5,6.59,3.7,50,,,,,,
219,Tue Feb  5 16:07:45 201910,DIST,3,AN0,4897,15,-1,2,12.23,AN1,15B8,30,0,2,9.85,AN2,5C15,-1,15,2,25.32,,,,,,,,,,,,DIST,3,AN0,15B8,30,0,2,10.21,AN1,07A7,31,15,2,9.43,AN2,17AF,30,30,2,22.42,POS,25.44,7.03,4.13,50,,,,,,
220,Tue Feb  5 16:07:46 20191,DIST,4,AN0,4897,15,-1,2,12.24,AN1,15B8,30,0,2,9.89,AN2,5C15,-1,15,2,25.36,AN3,07A7,31,15,2,10.33,POS,23.66,5.76,0.68,100,DIST,2,AN0,07A7,31,15,2,9.23,AN1,17AF,30,30,2,22.17,,,,,,,,,,,,,,,,,
221,Tue Feb  5 16:07:46 20192,DIST,3,AN0,4897,15,-1,2,12.46,AN1,15B8,30,0,2,10.24,AN2,5C15,-1,15,2,25.19,,,,,,,,,,,,DIST,3,AN0,15B8,30,0,2,10.65,AN1,07A7,31,15,2,9.1,AN2,17AF,30,30,2,21.91,POS,25.31,7.5,2.86,50,,,,,,
222,Tue Feb  5 16:07:46 20193,DIST,3,AN0,4897,15,-1,2,12.93,AN1,15B8,30,0,2,10.67,AN2,5C15,-1,15,2,25.07,,,,,,,,,,,,DIST,3,AN0,15B8,30,0,2,10.68,AN1,07A7,31,15,2,9.02,AN2,17AF,30,30,2,21.81,POS,25.16,7.87,2.06,50,,,,,,
223,Tue Feb  5 16:07:46 20194,DIST,3,AN0,C295,0,0,2,25.56,AN1,4897,15,-1,2,13.34,AN2,5C15,-1,15,2,24.8,,,,,,,,,,,,DIST,3,AN0,15B8,30,0,2,10.92,AN1,07A7,31,15,2,8.79,AN2,17AF,30,30,2,21.53,POS,25.14,8.21,2.8,50,,,,,,
224,Tue Feb  5 16:07:46 20195,DIST,4,AN0,C295,0,0,2,25.8,AN1,4897,15,-1,2,13.66,AN2,5C15,-1,15,2,24.85,AN3,07A7,31,15,2,9.54,POS,23.55,6.76,0.57,0,DIST,2,AN0,15B8,30,0,2,11.33,AN1,07A7,31,15,2,8.45,,,,,,,,,,,,,,,,,
225,Tue Feb  5 16:07:46 20196,DIST,3,AN0,4897,15,-1,2,13.92,AN1,15B8,30,0,2,11.85,AN2,5C15,-1,15,2,24.96,POS,23.55,7.61,0.42,50,,,,,,,DIST,2,AN0,15B8,30,0,2,11.77,AN1,07A7,31,15,2,8.09,,,,,,,,,,,,,,,,,
226,Tue Feb  5 16:07:46 20197,DIST,2,AN0,4897,15,-1,2,14.04,AN1,15B8,30,0,2,11.91,,,,,,,,,,,,,,,,,,DIST,3,AN0,15B8,30,0,2,12.33,AN1,07A7,31,15,2,7.77,AN2,17AF,30,30,2,19.95,POS,25.2,8.88,3.46,50,,,,,,
227,Tue Feb  5 16:07:46 20198,DIST,4,AN0,4897,15,-1,2,14.2,AN1,15B8,30,0,2,11.97,AN2,5C15,-1,15,2,24.82,AN3,07A7,31,15,2,8.68,POS,23.53,8.27,0.3,100,DIST,3,AN0,15B8,30,0,2,12.59,AN1,07A7,31,15,2,7.7,AN2,17AF,30,30,2,19.59,,,,,,,,,,,
228,Tue Feb  5 16:07:46 20199,DIST,2,AN0,15B8,30,0,2,12.33,AN1,5C15,-1,15,2,24.71,,,,,,,,,,,,,,,,,,DIST,3,AN0,15B8,30,0,2,12.78,AN1,07A7,31,15,2,7.42,AN2,17AF,30,30,2,19.4,POS,25.24,9.53,3.92,50,,,,,,
229,Tue Feb  5 16:07:46 201910,DIST,3,AN0,4897,15,-1,2,15.15,AN1,15B8,30,0,2,12.93,AN2,5C15,-1,15,2,24.58,,,,,,,,,,,,DIST,4,AN0,4897,15,-1,2,15.59,AN1,15B8,30,0,2,12.78,AN2,07A7,31,15,2,7.24,AN3,17AF,30,30,2,19.21,POS,25.02,10.05,2.99,100
230,Tue Feb  5 16:07:47 20191,DIST,2,AN0,4897,15,-1,2,15.74,AN1,5C15,-1,15,2,24.71,,,,,,,,,,,,,,,,,,DIST,3,AN0,15B8,30,0,2,13.21,AN1,07A7,31,15,2,7.09,AN2,17AF,30,30,2,18.78,POS,24.93,10.54,2.47,50,,,,,,
231,Tue Feb  5 16:07:47 20192,DIST,3,AN0,C295,0,0,2,27.25,AN1,4897,15,-1,2,15.99,AN2,07A7,31,15,2,7.43,POS,23.78,9.13,0.3,50,,,,,,,DIST,2,AN0,15B8,30,0,2,13.82,AN1,07A7,31,15,2,6.94,,,,,,,,,,,,,,,,,
232,Tue Feb  5 16:07:47 20193,DIST,3,AN0,4897,15,-1,2,16.21,AN1,5C15,-1,15,2,24.71,AN2,07A7,31,15,2,7.21,,,,,,,,,,,,DIST,3,AN0,15B8,30,0,2,14.31,AN1,07A7,31,15,2,6.65,AN2,17AF,30,30,2,17.77,POS,25.19,11.19,3.34,50,,,,,,
233,Tue Feb  5 16:07:47 20194,DIST,3,AN0,4897,15,-1,2,16.37,AN1,15B8,30,0,2,14.06,AN2,5C15,-1,15,2,24.69,,,,,,,,,,,,DIST,3,AN0,15B8,30,0,2,14.75,AN1,07A7,31,15,2,6.61,AN2,17AF,30,30,2,17.35,POS,25.35,11.8,3.97,50,,,,,,
234,Tue Feb  5 16:07:47 20195,DIST,3,AN0,4897,15,-1,2,16.51,AN1,5C15,-1,15,2,24.68,AN2,07A7,31,15,2,7.36,POS,23.75,10.14,0.29,50,,,,,,,DIST,3,AN0,15B8,30,0,2,15.08,AN1,07A7,31,15,2,6.77,AN2,17AF,30,30,2,17.05,POS,25.15,12.34,3.03,50,,,,,,
235,Tue Feb  5 16:07:47 20196,DIST,3,AN0,4897,15,-1,2,16.94,AN1,15B8,30,0,2,14.77,AN2,5C15,-1,15,2,24.58,,,,,,,,,,,,DIST,2,AN0,07A7,31,15,2,6.61,AN1,17AF,30,30,2,16.85,,,,,,,,,,,,,,,,,
236,Tue Feb  5 16:07:47 20197,DIST,3,AN0,4897,15,-1,2,17.99,AN1,5C15,-1,15,2,24.46,AN2,17AF,30,30,2,16.47,POS,23.68,11.32,0.67,50,,,,,,,DIST,3,AN0,15B8,30,0,2,15.41,AN1,07A7,31,15,2,6.67,AN2,17AF,30,30,2,16.63,POS,24.93,12.84,2.52,50,,,,,,
237,Tue Feb  5 16:07:47 20198,DIST,3,AN0,4897,15,-1,2,18.34,AN1,5C15,-1,15,2,24.54,AN2,17AF,30,30,2,16.08,POS,23.65,12.3,0.8,50,,,,,,,DIST,3,AN0,15B8,30,0,2,15.76,AN1,07A7,31,15,2,6.7,AN2,17AF,30,30,2,16.16,,,,,,,,,,,
238,Tue Feb  5 16:07:47 20199,DIST,1,AN0,5C15,-1,15,2,24.41,,,,,,,,,,,,,,,,,,,,,,,,DIST,3,AN0,15B8,30,0,2,16.36,AN1,07A7,31,15,2,6.66,AN2,17AF,30,30,2,16.02,POS,25.41,13.43,3.69,50,,,,,,
239,Tue Feb  5 16:07:47 201910,DIST,3,AN0,4897,15,-1,2,18.61,AN1,5C15,-1,15,2,24.42,AN2,D814,0,30,2,27.58,POS,23.55,13.09,0.42,50,,,,,,,DIST,3,AN0,15B8,30,0,2,16.95,AN1,07A7,31,15,2,6.68,AN2,17AF,30,30,2,15.05,,,,,,,,,,,
240,Tue Feb  5 16:07:48 20191,DIST,2,AN0,4897,15,-1,2,18.78,AN1,5C15,-1,15,2,24.44,,,,,,,,,,,,,,,,,,DIST,3,AN0,15B8,30,0,2,17.37,AN1,07A7,31,15,2,6.66,AN2,17AF,30,30,2,14.78,POS,25.52,14.17,4.26,50,,,,,,
241,Tue Feb  5 16:07:48 20192,DIST,4,AN0,4897,15,-1,2,19.2,AN1,15B8,30,0,2,17.32,AN2,5C15,-1,15,2,24.43,AN3,07A7,31,15,2,7.26,POS,23.59,13.87,0.43,100,DIST,3,AN0,15B8,30,0,2,17.72,AN1,07A7,31,15,2,6.66,AN2,17AF,30,30,2,14.52,POS,25.9,14.8,4.96,50,,,,,,
242,Tue Feb  5 16:07:48 20193,DIST,3,AN0,4897,15,-1,2,19.76,AN1,15B8,30,0,2,17.87,AN2,07A7,31,15,2,7.42,POS,23.62,14.59,0.59,50,,,,,,,DIST,2,AN0,07A7,31,15,2,6.98,AN1,17AF,30,30,2,14.38,,,,,,,,,,,,,,,,,
243,Tue Feb  5 16:07:48 20194,DIST,2,AN0,4897,15,-1,2,20.25,AN1,15B8,30,0,2,18.41,,,,,,,,,,,,,,,,,,DIST,3,AN0,4897,15,-1,2,20.1,AN1,07A7,31,15,2,7.08,AN2,17AF,30,30,2,14.31,POS,25.46,15.33,4.02,50,,,,,,
244,Tue Feb  5 16:07:48 20195,DIST,3,AN0,4897,15,-1,2,20.57,AN1,5C15,-1,15,2,24.57,AN2,07A7,31,15,2,7.74,,,,,,,,,,,,DIST,2,AN0,15B8,30,0,2,18.15,AN1,07A7,31,15,2,7.07,,,,,,,,,,,,,,,,,
245,Tue Feb  5 16:07:48 20196,DIST,3,AN0,4897,15,-1,2,20.88,AN1,5C15,-1,15,2,24.69,AN2,D814,0,30,2,26.42,POS,23.57,15.43,0.35,50,,,,,,,DIST,3,AN0,15B8,30,0,2,18.74,AN1,07A7,31,15,2,7.2,AN2,17AF,30,30,2,13.67,POS,25.75,15.94,4.76,50,,,,,,
246,Tue Feb  5 16:07:48 20197,DIST,1,AN0,4897,15,-1,2,21.09,,,,,,,,,,,,,,,,,,,,,,,,DIST,3,AN0,15B8,30,0,2,19.35,AN1,07A7,31,15,2,7.43,AN2,17AF,30,30,2,13.04,POS,25.94,16.55,5.29,50,,,,,,
247,Tue Feb  5 16:07:48 20198,DIST,2,AN0,4897,15,-1,2,21.18,AN1,07A7,31,15,2,7.77,,,,,,,,,,,,,,,,,,DIST,3,AN0,15B8,30,0,2,19.75,AN1,07A7,31,15,2,7.59,AN2,17AF,30,30,2,12.43,POS,25.79,17.15,5.27,50,,,,,,
248,Tue Feb  5 16:07:48 20199,DIST,4,AN0,4897,15,-1,2,21.52,AN1,15B8,30,0,2,19.64,AN2,5C15,-1,15,2,24.85,AN3,07A7,31,15,2,7.96,POS,23.59,16.25,0.26,100,DIST,2,AN0,07A7,31,15,2,7.8,AN1,17AF,30,30,2,12.18,,,,,,,,,,,,,,,,,
249,Tue Feb  5 16:07:48 201910,DIST,4,AN0,4897,15,-1,2,22.06,AN1,15B8,30,0,2,20.22,AN2,5C15,-1,15,2,25.07,AN3,07A7,31,15,2,8.26,POS,23.63,17.01,0.29,100,DIST,3,AN0,15B8,30,0,2,20.17,AN1,07A7,31,15,2,7.85,AN2,17AF,30,30,2,11.97,POS,25.51,17.71,4.1,50,,,,,,
