<?xml version='1.0' encoding='UTF-8' standalone='no'?>
<doxygenindex xmlns:xsi="http://www.w3.org/2001/XMLSchema-instance" xsi:noNamespaceSchemaLocation="index.xsd" version="1.8.14">
  <compound refid="struct___u_w_b__settings" kind="struct"><name>_UWB_settings</name>
    <member refid="struct___u_w_b__settings_1a3b79ca47fa11d60ef22bbae80a94ee37" kind="variable"><name>channel</name></member>
    <member refid="struct___u_w_b__settings_1adcc1aa68634d215d24949552c52d22e1" kind="variable"><name>bitrate</name></member>
    <member refid="struct___u_w_b__settings_1a130bca0015ed2a9935e0f8f96bb374ed" kind="variable"><name>prf</name></member>
    <member refid="struct___u_w_b__settings_1a1606bcc43f236fe48abbac8db2c048d3" kind="variable"><name>plen</name></member>
    <member refid="struct___u_w_b__settings_1aef9404cc5dd34eb45670e0320a902915" kind="variable"><name>gain_db</name></member>
  </compound>
  <compound refid="class_pozyx_class" kind="class"><name>PozyxClass</name>
    <member refid="class_pozyx_class_1aa2e059007b885b212ffa868d60876e9c" kind="variable"><name>_mode</name></member>
    <member refid="class_pozyx_class_1af916f70635f849606f56e397c8819559" kind="variable"><name>_interrupt</name></member>
    <member refid="class_pozyx_class_1a7d90ea29359f478426a89499b103587d" kind="variable"><name>_hw_version</name></member>
    <member refid="class_pozyx_class_1a97fd77c200c18cff08ec2d13144c0bad" kind="variable"><name>_fw_version</name></member>
    <member refid="class_pozyx_class_1a81b84df3001d7eff4669d483042df341" kind="function"><name>i2cWriteWrite</name></member>
    <member refid="class_pozyx_class_1a5b778c55e44313c4351305bb8d5569ad" kind="function"><name>i2cWriteRead</name></member>
    <member refid="class_pozyx_class_1aa3983137052275b0b42fb9fc02f01c69" kind="function"><name>IRQ</name></member>
    <member refid="class_pozyx_class_1acff795fffca268ba2c46d4c53402b559" kind="function"><name>waitForFlag_safe</name></member>
    <member refid="class_pozyx_class_1ab5284924a70c65d7356da578ae303771" kind="function"><name>regRead</name></member>
    <member refid="class_pozyx_class_1ab379fbaaacaf6905b53bca43e0864783" kind="function"><name>regWrite</name></member>
    <member refid="class_pozyx_class_1ad2a2d810f61ca208bdec7e4128de169b" kind="function"><name>regFunction</name></member>
    <member refid="class_pozyx_class_1a5d13bcf5ff327999fe57e568239e2d02" kind="function"><name>remoteRegWrite</name></member>
    <member refid="class_pozyx_class_1ad568f435b4d77a54a7cf903df74b45fc" kind="function"><name>remoteRegRead</name></member>
    <member refid="class_pozyx_class_1a5025d43098530aeafef6730d20b3233a" kind="function"><name>remoteRegFunction</name></member>
    <member refid="group__core_1ga9e093f0461a60c4075647d1917b0589a" kind="function"><name>remoteRegFunctionWithoutCheck</name></member>
    <member refid="group__core_1ga4cd1d89a1534c50604d8a5875373dd12" kind="function"><name>waitForFlag</name></member>
    <member refid="group__core_1ga0cad29680b4e3a0c443c30761a947b83" kind="function"><name>begin</name></member>
    <member refid="group__core_1ga885a1cbe432b93aa7107547b57b086aa" kind="function"><name>getRead</name></member>
    <member refid="group__core_1ga0f403c525576e80ac3f32ac83d6cfba6" kind="function"><name>setWrite</name></member>
    <member refid="group__core_1gadab19b087724c3f5d9bac2b7f37960a0" kind="function"><name>useFunction</name></member>
    <member refid="group__communication__functions_1ga29050eb9e12179b084b4f3fc5e8e7fa4" kind="function"><name>sendData</name></member>
    <member refid="group__communication__functions_1ga225e4a2f67bb89fb4d212c458c8ebaad" kind="function"><name>writeTXBufferData</name></member>
    <member refid="group__communication__functions_1gaf19e819167efc22337dd4d1b4c3a008f" kind="function"><name>sendTXBufferData</name></member>
    <member refid="group__communication__functions_1gadb46aa57dde9068f0a4d77b5f13326e4" kind="function"><name>readRXBufferData</name></member>
    <member refid="group__communication__functions_1gaf12ab7871238655d94d2dff47f862d7b" kind="function"><name>getLastNetworkId</name></member>
    <member refid="group__communication__functions_1gade1d3c8328fb4824fee67f6a9e293048" kind="function"><name>getLastDataLength</name></member>
    <member refid="group__communication__functions_1gadbe022f756c0f94492447e9d174309b3" kind="function"><name>getNetworkId</name></member>
    <member refid="group__communication__functions_1ga2cea6b1a80fce5bf7a9897efd04bde81" kind="function"><name>setNetworkId</name></member>
    <member refid="group__communication__functions_1gaa6251a69252cbeae44a3500837f39c84" kind="function"><name>getUWBSettings</name></member>
    <member refid="group__communication__functions_1ga952c2c68db0b6fba1b1ba196a3db0d6e" kind="function"><name>setUWBSettings</name></member>
    <member refid="group__communication__functions_1ga84bf963d6bc3e6edc3b00b5fe9be9afe" kind="function"><name>setUWBSettingsExceptGain</name></member>
    <member refid="group__communication__functions_1ga17bea516300c6de7fe272840fd241438" kind="function"><name>setUWBChannel</name></member>
    <member refid="group__communication__functions_1ga853c7e76e5510432be94c3bc75fc9a12" kind="function"><name>getUWBChannel</name></member>
    <member refid="group__communication__functions_1gae75bc774ba8308025a8dc20dd3ef4398" kind="function"><name>setTxPower</name></member>
    <member refid="group__communication__functions_1ga5320c7377e7479f39b76d44f40cd3540" kind="function"><name>getTxPower</name></member>
    <member refid="group__system__functions_1gaffde943f1921b1ba0f437ce95f56b96f" kind="function"><name>getWhoAmI</name></member>
    <member refid="group__system__functions_1gaf3093e564d3835f8754e9cc28cb9a48c" kind="function"><name>getFirmwareVersion</name></member>
    <member refid="group__system__functions_1ga895e9594b285a0f23214c81e9d30b91c" kind="function"><name>getHardwareVersion</name></member>
    <member refid="group__system__functions_1ga86f8b2fd2562db79bdf352ca46152719" kind="function"><name>getSelftest</name></member>
    <member refid="group__system__functions_1ga285bc9305004b9119a0fd8266ab08200" kind="function"><name>getErrorCode</name></member>
    <member refid="group__system__functions_1ga76d383a705dd806cc95b38d23c07e326" kind="function"><name>getInterruptStatus</name></member>
    <member refid="group__system__functions_1ga8b200afdb4d42fe806d7d49af1c37f36" kind="function"><name>getCalibrationStatus</name></member>
    <member refid="group__system__functions_1ga0ba68964f3f4b595666e79609fecbe3b" kind="function"><name>getGPIO</name></member>
    <member refid="group__system__functions_1ga200ea9ae04f0b5fa243c8ef51395e19c" kind="function"><name>setGPIO</name></member>
    <member refid="group__system__functions_1gaf061e892b42c49c9fb757b576517dc79" kind="function"><name>resetSystem</name></member>
    <member refid="group__system__functions_1gadc6e6fc23f97ac78e364e9aed5f6f482" kind="function"><name>setLed</name></member>
    <member refid="group__system__functions_1ga43de1df64bc9de209fceb0cd10a758d3" kind="function"><name>getInterruptMask</name></member>
    <member refid="group__system__functions_1ga52fb95d19ffe5dee60bbe0c0617f49e5" kind="function"><name>setInterruptMask</name></member>
    <member refid="group__system__functions_1gaefd634e8e7429ff0bd0a31809e1d8315" kind="function"><name>getConfigModeGPIO</name></member>
    <member refid="group__system__functions_1ga96ff15d44a1d7473d2e2ad46f5a8b513" kind="function"><name>getConfigPullGPIO</name></member>
    <member refid="group__system__functions_1gad03adc2ff6c500597c603062567cbe2f" kind="function"><name>setConfigGPIO</name></member>
    <member refid="group__system__functions_1ga68c4c11cffc3dd13be1d7644e7c21e46" kind="function"><name>setLedConfig</name></member>
    <member refid="group__system__functions_1ga676e273b3119e9d83f96b36909c9033c" kind="function"><name>configInterruptPin</name></member>
    <member refid="group__system__functions_1ga32df3976a9da4ad34996c6e3d5beafac" kind="function"><name>saveConfiguration</name></member>
    <member refid="group__system__functions_1gaa5a7bdd8aefca8b397273bf71dc05b38" kind="function"><name>saveRegisters</name></member>
    <member refid="group__system__functions_1ga1752085446546dad185ca06d66587f58" kind="function"><name>saveNetwork</name></member>
    <member refid="group__system__functions_1gaf14bf7f3af9872ee5a65e295a22925de" kind="function"><name>saveAnchorIds</name></member>
    <member refid="group__system__functions_1ga59e825f3bf85e0705af28fee7d216c9d" kind="function"><name>saveUWBSettings</name></member>
    <member refid="group__system__functions_1ga119d86f9d9488396a3baad6a0b1f9564" kind="function"><name>clearConfiguration</name></member>
    <member refid="group__system__functions_1gaadb3265c0ef8f1511c351046b3262f7e" kind="function"><name>isRegisterSaved</name></member>
    <member refid="group__system__functions_1ga93b4780f24c486f1d2e5f9b7a665fcba" kind="function"><name>getNumRegistersSaved</name></member>
    <member refid="group__positioning__functions_1ga4b8ff7242fde6a0db1bf05cf31fe447e" kind="function"><name>getCoordinates</name></member>
    <member refid="group__positioning__functions_1gaec7360ab64c1bef9699b21e8473658d1" kind="function"><name>setCoordinates</name></member>
    <member refid="group__positioning__functions_1ga1b16fa16ad0c15523488e7b7a69aaf79" kind="function"><name>getPositionError</name></member>
    <member refid="group__positioning__functions_1ga6b4d059335356e89fdc0d206c95c6f94" kind="function"><name>setPositioningAnchorIds</name></member>
    <member refid="group__positioning__functions_1ga4916badd5a879160bff75be96e94badb" kind="function"><name>getPositioningAnchorIds</name></member>
    <member refid="group__positioning__functions_1ga28a08ffb669f5a3d5ec2e0caf73f0173" kind="function"><name>getUpdateInterval</name></member>
    <member refid="group__positioning__functions_1gaee35fc368f4d56c36d9b6f594ab34323" kind="function"><name>setUpdateInterval</name></member>
    <member refid="group__positioning__functions_1ga882f3c5f42513cd31ac25768d21dc86c" kind="function"><name>getRangingProtocol</name></member>
    <member refid="group__positioning__functions_1gad720385d709c85fe83d254d8f8090f21" kind="function"><name>setRangingProtocol</name></member>
    <member refid="group__positioning__functions_1ga19b1738d0cf2658f72f79bf2b64181f5" kind="function"><name>getPositionFilterStrength</name></member>
    <member refid="group__positioning__functions_1ga8e234029c68c35a40d0bab9d4310241c" kind="function"><name>getPositionFilterType</name></member>
    <member refid="group__positioning__functions_1ga141f3425b5d61c0f3cac39c249c8dc3a" kind="function"><name>setPositionFilter</name></member>
    <member refid="group__positioning__functions_1ga40dcc956c7ced34e975fb3df4a3f855a" kind="function"><name>getPositionAlgorithm</name></member>
    <member refid="group__positioning__functions_1gac4c5796e0893435c23ec3ae42ef9dff2" kind="function"><name>getPositionDimension</name></member>
    <member refid="group__positioning__functions_1gad4b32f732bc6fd94e784a8537464f7ac" kind="function"><name>setPositionAlgorithm</name></member>
    <member refid="group__positioning__functions_1gaaef0649bc661ebf84c7a23cfac844e5a" kind="function"><name>getAnchorSelectionMode</name></member>
    <member refid="group__positioning__functions_1ga31d624e2740311fd46d3354d31f1b9f7" kind="function"><name>getNumberOfAnchors</name></member>
    <member refid="group__positioning__functions_1ga41fc706bd9ffba1d8483cdbeb01d1a75" kind="function"><name>setSelectionOfAnchors</name></member>
    <member refid="group__positioning__functions_1ga693d7983f8c27ed279cf7e257d07a60d" kind="function"><name>getOperationMode</name></member>
    <member refid="group__positioning__functions_1ga7ca6dcb9668784e428e435ebbc89ea2a" kind="function"><name>setOperationMode</name></member>
    <member refid="group__positioning__functions_1ga9e3985c70357d78589da57441b94c387" kind="function"><name>getSystemError</name></member>
    <member refid="group__sensor__data_1ga2125f38273179faa58ce15b88775d245" kind="function"><name>getSensorMode</name></member>
    <member refid="group__sensor__data_1ga5ec67d77efc6833681645fd661d55d41" kind="function"><name>setSensorMode</name></member>
    <member refid="group__sensor__data_1ga3adf6096157564e8eacc394846693ce9" kind="function"><name>getRawSensorData</name></member>
    <member refid="group__sensor__data_1ga96f125c933bb1ebc31df18693bdfb08e" kind="function"><name>getAllSensorData</name></member>
    <member refid="group__sensor__data_1ga3926a9fe02aa9261b8d791b3a0a30ea9" kind="function"><name>getPressure_Pa</name></member>
    <member refid="group__sensor__data_1ga3a1fecdd51db3e57926a62e577979252" kind="function"><name>getMaxLinearAcceleration</name></member>
    <member refid="group__sensor__data_1ga67549041d5a4ffeba63242f33135ad0e" kind="function"><name>getAcceleration_mg</name></member>
    <member refid="group__sensor__data_1gafd6b4021601b896236f15589715d39c1" kind="function"><name>getMagnetic_uT</name></member>
    <member refid="group__sensor__data_1ga3e9fecefe9e1d2d79ef50c5bcb29b3b4" kind="function"><name>getAngularVelocity_dps</name></member>
    <member refid="group__sensor__data_1ga4c1015fcd60a841519d78eb2d5d5fa0e" kind="function"><name>getEulerAngles_deg</name></member>
    <member refid="group__sensor__data_1ga2341c56eda847eb8c103f07b51586f3d" kind="function"><name>getQuaternion</name></member>
    <member refid="group__sensor__data_1ga9655806bc0206261052552b683ee664d" kind="function"><name>getLinearAcceleration_mg</name></member>
    <member refid="group__sensor__data_1ga02f900f7b07df379c4a245726fa162cd" kind="function"><name>getGravityVector_mg</name></member>
    <member refid="group__sensor__data_1ga5a17d79a793ebaa2e0e53be76356c838" kind="function"><name>getTemperature_c</name></member>
    <member refid="group__positioning__functions_1gacee7c418820028dcc400eccb3e5bbbbe" kind="function"><name>doPositioning</name></member>
    <member refid="group__positioning__functions_1ga09f3f1c1d371f9c2733289843d267597" kind="function"><name>doPositioning</name></member>
    <member refid="group__positioning__functions_1ga36888bbf13339ed34d6250be34b4e53f" kind="function"><name>doRemotePositioning</name></member>
    <member refid="group__positioning__functions_1ga4a51e3d3be70d10922e2b5b828b731e0" kind="function"><name>doRemotePositioning</name></member>
    <member refid="group__positioning__functions_1ga462352b5d2360ab4bc164ed1af564a03" kind="function"><name>doRanging</name></member>
    <member refid="group__positioning__functions_1ga607a4dcf6d2216afaad4cac1f481e629" kind="function"><name>doRemoteRanging</name></member>
    <member refid="group__positioning__functions_1gac9b20a33dfa4c5917c5134b768d6ba0b" kind="function"><name>getDeviceRangeInfo</name></member>
    <member refid="group__device__list_1ga3b304a60d246f30bb89a31017978e6b4" kind="function"><name>getDeviceListSize</name></member>
    <member refid="group__device__list_1ga2606d4f50a13e31bbb7f75666774c622" kind="function"><name>getDeviceIds</name></member>
    <member refid="group__device__list_1ga792c8f5bc8a5e420a243cf39922974fd" kind="function"><name>getAnchorIds</name></member>
    <member refid="group__device__list_1ga2fbc8f498c8b58fce93fde945b124523" kind="function"><name>getTagIds</name></member>
    <member refid="group__device__list_1ga563ac8a8cae694f75fdcdaac9781b5cc" kind="function"><name>doDiscovery</name></member>
    <member refid="group__device__list_1ga6f1fc7881cd3556922eb140f2c6ef5b2" kind="function"><name>doAnchorCalibration</name></member>
    <member refid="group__device__list_1ga7ce8c358b99e9c1d3d67ca041d8919bc" kind="function"><name>clearDevices</name></member>
    <member refid="group__device__list_1gaa009179113eb5cea2260e025f2352576" kind="function"><name>addDevice</name></member>
    <member refid="group__device__list_1ga5a54f0d50b547d02c915464eca53e82f" kind="function"><name>getDeviceCoordinates</name></member>
  </compound>
  <compound refid="changelog_8md" kind="file"><name>changelog.md</name>
  </compound>
  <compound refid="_c_o_n_t_r_i_b_u_t_i_n_g_8md" kind="file"><name>CONTRIBUTING.md</name>
  </compound>
  <compound refid="_pozyx_8h" kind="file"><name>Pozyx.h</name>
    <member refid="_pozyx_8h_1a070d2ce7b6bb7e5c05602aa8c308d0c4" kind="define"><name>NULL</name></member>
    <member refid="_pozyx_8h_1ad6d5aaa966ca7424f7cb9bd01f2c838b" kind="define"><name>assert</name></member>
    <member refid="_pozyx_8h_1a4611b605e45ab401f02cab15c5e38715" kind="typedef"><name>float32_t</name></member>
    <member refid="_pozyx_8h_1aa96363e7b5f3f825c1b231ca6fec62bd" kind="typedef"><name>UWB_settings_t</name></member>
    <member refid="_pozyx_8h_1a84f14ee425b3aa9bcc52783df8b4c2a8" kind="typedef"><name>acceleration_t</name></member>
    <member refid="_pozyx_8h_1a97e1992316652c0e62843025ffc51c9c" kind="typedef"><name>magnetic_t</name></member>
    <member refid="_pozyx_8h_1a8d174eab9744297db3e8d1046d3c67a3" kind="typedef"><name>angular_vel_t</name></member>
    <member refid="_pozyx_8h_1acbe3c0cfe1b20f5ad0d626b488cb84e7" kind="typedef"><name>linear_acceleration_t</name></member>
    <member refid="_pozyx_8h_1ad6058b607c1ceac9b07a1d7d88a5eebe" kind="typedef"><name>gravity_vector_t</name></member>
    <member refid="_pozyx_8h_1a1efe64ccd3433982cd4bbe1057f5e722" kind="variable"><name>coordinates_t</name></member>
    <member refid="_pozyx_8h_1ae61f67f9db7962f3dc24966a11656cdb" kind="variable"><name>v3D_float32_t</name></member>
    <member refid="_pozyx_8h_1a3bfa4cedee1bdd2cdeb6922bae7281f8" kind="variable"><name>pos_error_t</name></member>
    <member refid="_pozyx_8h_1a2b5f5871256ae51801ef8845fc239605" kind="variable"><name>euler_angles_t</name></member>
    <member refid="_pozyx_8h_1afa0cb0bdc39f2fc03721639f17fc5422" kind="variable"><name>quaternion_t</name></member>
    <member refid="_pozyx_8h_1ac449ece372cef0445bda56171e2cde76" kind="variable"><name>sensor_raw_t</name></member>
    <member refid="_pozyx_8h_1a15234b3226ab681085f3286c71dec539" kind="variable"><name>sensor_data_t</name></member>
    <member refid="_pozyx_8h_1a1fc169ea06842359ca2143dcf66dd2e2" kind="variable"><name>device_coordinates_t</name></member>
    <member refid="_pozyx_8h_1a9cc05230d7a56a257523607dc6966542" kind="variable"><name>device_range_t</name></member>
    <member refid="_pozyx_8h_1a46279fcbb42c9e7c0939e4407287c673" kind="variable"><name>Pozyx</name></member>
    <member refid="_pozyx_8h_1a8fd60a3f003692172f158c587ec6530f" kind="function"><name>__assert_pozyx</name></member>
    <member refid="_pozyx_8h_1a255f400b6a4025eff19371dee9911ec9" kind="function"><name>__attribute__</name></member>
  </compound>
  <compound refid="_pozyx__core_8cpp" kind="file"><name>Pozyx_core.cpp</name>
    <member refid="_pozyx__core_8cpp_1a46279fcbb42c9e7c0939e4407287c673" kind="variable"><name>Pozyx</name></member>
  </compound>
  <compound refid="_pozyx__definitions_8h" kind="file"><name>Pozyx_definitions.h</name>
    <member refid="_pozyx__definitions_8h_1a5e28820c284c674033b558cb91e79e00" kind="define"><name>_POZYX_LIB_VERSION</name></member>
    <member refid="_pozyx__definitions_8h_1aa45218b8fe43bb6c3e0fe98d9fceb7d8" kind="define"><name>_POZYX_FEET_PER_METER</name></member>
    <member refid="_pozyx__definitions_8h_1ab2935a1991190da1a17ab615546d48ef" kind="define"><name>_POZYX_INCH_PER_METER</name></member>
    <member refid="_pozyx__definitions_8h_1a9b50e6df3bcb1819c6028b58d646a8cc" kind="define"><name>_POZYX_FORMAT_METER</name></member>
    <member refid="_pozyx__definitions_8h_1afd6d48cc49cbc663d057dd53a45a3d7f" kind="define"><name>_POZYX_FORMAT_FOOT</name></member>
    <member refid="_pozyx__definitions_8h_1aec13a371d6d1381ccac2a11066090c08" kind="define"><name>_POZYX_FORMAT_INCH</name></member>
    <member refid="_pozyx__definitions_8h_1a9266dcc05ad1d43c7d453717c5068b97" kind="define"><name>MAX_ANCHORS_IN_LIST</name></member>
    <member refid="_pozyx__definitions_8h_1aad255527a4a54eb2cf09fc6171c32213" kind="define"><name>POZYX_I2C_ADDRESS</name></member>
    <member refid="_pozyx__definitions_8h_1a826a344db3afe75fb69fb35219c7ab62" kind="define"><name>POZYX_WHO_AM_I</name></member>
    <member refid="_pozyx__definitions_8h_1a439b201541e4be3e9d11687275e2b2e2" kind="define"><name>POZYX_FIRMWARE_VER</name></member>
    <member refid="_pozyx__definitions_8h_1a0099f2e964188faa28e426b3e417f386" kind="define"><name>POZYX_HARDWARE_VER</name></member>
    <member refid="_pozyx__definitions_8h_1a562a50b65cde02f123caf6bc1d8f4172" kind="define"><name>POZYX_ST_RESULT</name></member>
    <member refid="_pozyx__definitions_8h_1aefea4d8e1a169e6a35203278d2eb050b" kind="define"><name>POZYX_ERRORCODE</name></member>
    <member refid="_pozyx__definitions_8h_1a2439fa21bf44f8ba036b68fc35194861" kind="define"><name>POZYX_INT_STATUS</name></member>
    <member refid="_pozyx__definitions_8h_1a672488ab43be418edd112791680ec2e3" kind="define"><name>POZYX_CALIB_STATUS</name></member>
    <member refid="_pozyx__definitions_8h_1ab87c54fb9fca2026f22c745b5a22326c" kind="define"><name>POZYX_INT_MASK</name></member>
    <member refid="_pozyx__definitions_8h_1a4f83e178214b88e00be455e4885c2117" kind="define"><name>POZYX_INT_CONFIG</name></member>
    <member refid="_pozyx__definitions_8h_1ae3734235731cd3745347c086c099b65e" kind="define"><name>POZYX_POS_FILTER</name></member>
    <member refid="_pozyx__definitions_8h_1a127d39ccd9e9c2c2bd1938c6b8132ea5" kind="define"><name>POZYX_CONFIG_LEDS</name></member>
    <member refid="_pozyx__definitions_8h_1acfc23f2ebb104a47623a31a0f5b47fd7" kind="define"><name>POZYX_POS_ALG</name></member>
    <member refid="_pozyx__definitions_8h_1a27eedb5455dc413d581079cbdb2fdbaf" kind="define"><name>POZYX_POS_NUM_ANCHORS</name></member>
    <member refid="_pozyx__definitions_8h_1a6109d6e627fde1985cac7a841d82c74c" kind="define"><name>POZYX_POS_INTERVAL</name></member>
    <member refid="_pozyx__definitions_8h_1a488318894f023cd929bc82116ac73fa6" kind="define"><name>POZYX_NETWORK_ID</name></member>
    <member refid="_pozyx__definitions_8h_1a27ba3582bef3ddcb085c846107ff6bf1" kind="define"><name>POZYX_UWB_CHANNEL</name></member>
    <member refid="_pozyx__definitions_8h_1aa2506a1ef4ab896f6d83cef7e2114e53" kind="define"><name>POZYX_UWB_RATES</name></member>
    <member refid="_pozyx__definitions_8h_1ac9fd791258a419c778e8f39252dee60e" kind="define"><name>POZYX_UWB_PLEN</name></member>
    <member refid="_pozyx__definitions_8h_1a3f746c73e8a6b7c889ecebca77fd6043" kind="define"><name>POZYX_UWB_GAIN</name></member>
    <member refid="_pozyx__definitions_8h_1afb7229747dc7f8a447db3e099c707b22" kind="define"><name>POZYX_UWB_XTALTRIM</name></member>
    <member refid="_pozyx__definitions_8h_1ad809a2462dc1137d5229468f88a3cfbe" kind="define"><name>POZYX_RANGE_PROTOCOL</name></member>
    <member refid="_pozyx__definitions_8h_1a4497dcc4530d23a686e633475dc3a5de" kind="define"><name>POZYX_OPERATION_MODE</name></member>
    <member refid="_pozyx__definitions_8h_1a5bc4c07bc8c79e8c32703145bd224178" kind="define"><name>POZYX_SENSORS_MODE</name></member>
    <member refid="_pozyx__definitions_8h_1a7fcb04a60493164768acf38cea588099" kind="define"><name>POZYX_CONFIG_GPIO1</name></member>
    <member refid="_pozyx__definitions_8h_1afb48960b4363bffaadda56e10a57025d" kind="define"><name>POZYX_CONFIG_GPIO2</name></member>
    <member refid="_pozyx__definitions_8h_1a7af7f117990b6178e4bd8f26395c6b6b" kind="define"><name>POZYX_CONFIG_GPIO3</name></member>
    <member refid="_pozyx__definitions_8h_1adb73406a981682d642cd30b60e8fec5e" kind="define"><name>POZYX_CONFIG_GPIO4</name></member>
    <member refid="_pozyx__definitions_8h_1aa7174baf70919c4044b81106cff0f28e" kind="define"><name>POZYX_POS_X</name></member>
    <member refid="_pozyx__definitions_8h_1a5804f02f42a5c38d11d5bb9853a2d8d4" kind="define"><name>POZYX_POS_Y</name></member>
    <member refid="_pozyx__definitions_8h_1abe550ded4a655299bd3729cf3d3e7122" kind="define"><name>POZYX_POS_Z</name></member>
    <member refid="_pozyx__definitions_8h_1ab754f5a4c1b50765b1f235f13b1410f4" kind="define"><name>POZYX_POS_ERR_X</name></member>
    <member refid="_pozyx__definitions_8h_1a19be3c12546d59fb77584627a74cacc9" kind="define"><name>POZYX_POS_ERR_Y</name></member>
    <member refid="_pozyx__definitions_8h_1a6bad2302c4566fdefe240ff292e437b1" kind="define"><name>POZYX_POS_ERR_Z</name></member>
    <member refid="_pozyx__definitions_8h_1a5f4ecb8aba0fda9c69cb58b687d50f04" kind="define"><name>POZYX_POS_ERR_XY</name></member>
    <member refid="_pozyx__definitions_8h_1a709abfd3b5e718de372e2e49b8cd4003" kind="define"><name>POZYX_POS_ERR_XZ</name></member>
    <member refid="_pozyx__definitions_8h_1ac90bec4c2f0ca7e8ecc182eb432166f4" kind="define"><name>POZYX_POS_ERR_YZ</name></member>
    <member refid="_pozyx__definitions_8h_1afd8b98543acb24b8d43cda6ac8746c57" kind="define"><name>POZYX_MAX_LIN_ACC</name></member>
    <member refid="_pozyx__definitions_8h_1a8d99202255c35212b1f3b23051d93792" kind="define"><name>POZYX_PRESSURE</name></member>
    <member refid="_pozyx__definitions_8h_1ae856066a1f6eaffade865b299c71e705" kind="define"><name>POZYX_ACCEL_X</name></member>
    <member refid="_pozyx__definitions_8h_1a4a3079e21185b00a6206bb59f7f1980a" kind="define"><name>POZYX_ACCEL_Y</name></member>
    <member refid="_pozyx__definitions_8h_1a83da0b4b3fb523be7f431ee7a7eecb2d" kind="define"><name>POZYX_ACCEL_Z</name></member>
    <member refid="_pozyx__definitions_8h_1a0f07f3e99cf3403847177bbf0d34bd1d" kind="define"><name>POZYX_MAGN_X</name></member>
    <member refid="_pozyx__definitions_8h_1a69961e2c553aa13d5b3d312215d7063e" kind="define"><name>POZYX_MAGN_Y</name></member>
    <member refid="_pozyx__definitions_8h_1a787a52c9aa5303bc3fabe4b5a7e1c25c" kind="define"><name>POZYX_MAGN_Z</name></member>
    <member refid="_pozyx__definitions_8h_1a64b1442b6add5013403f1544539172cf" kind="define"><name>POZYX_GYRO_X</name></member>
    <member refid="_pozyx__definitions_8h_1ab26addaf967a8639552dced3ad32bc93" kind="define"><name>POZYX_GYRO_Y</name></member>
    <member refid="_pozyx__definitions_8h_1a5ff92faa499c89ea294d20a9f8ec13e1" kind="define"><name>POZYX_GYRO_Z</name></member>
    <member refid="_pozyx__definitions_8h_1aa45c1b568fffdeef2b29d7daf0117ab1" kind="define"><name>POZYX_EUL_HEADING</name></member>
    <member refid="_pozyx__definitions_8h_1aaea9a660770a309ed7c84d08bf316b9c" kind="define"><name>POZYX_EUL_ROLL</name></member>
    <member refid="_pozyx__definitions_8h_1a1504025e361a522ccc83cdb5ff44d638" kind="define"><name>POZYX_EUL_PITCH</name></member>
    <member refid="_pozyx__definitions_8h_1aa3e4ab7aeb9a3f7274c0092dd5e22633" kind="define"><name>POZYX_QUAT_W</name></member>
    <member refid="_pozyx__definitions_8h_1ab1705187ae640febbc80bf7ca702d018" kind="define"><name>POZYX_QUAT_X</name></member>
    <member refid="_pozyx__definitions_8h_1a656b1ec141a29e8f11e622694e53793c" kind="define"><name>POZYX_QUAT_Y</name></member>
    <member refid="_pozyx__definitions_8h_1a26947b533ac5a71ba7bb3ef62d840b30" kind="define"><name>POZYX_QUAT_Z</name></member>
    <member refid="_pozyx__definitions_8h_1a801580f646dd4eb5e3cb498309793847" kind="define"><name>POZYX_LIA_X</name></member>
    <member refid="_pozyx__definitions_8h_1a1aa6bf1e033e469ae5b63c66e31fdd45" kind="define"><name>POZYX_LIA_Y</name></member>
    <member refid="_pozyx__definitions_8h_1aac66d257845eb22edf025f9ebb37207b" kind="define"><name>POZYX_LIA_Z</name></member>
    <member refid="_pozyx__definitions_8h_1a4d7e7d098b774da1d975673f67beca2a" kind="define"><name>POZYX_GRAV_X</name></member>
    <member refid="_pozyx__definitions_8h_1aaa9783fa306da4dcc86067eb64c6b50f" kind="define"><name>POZYX_GRAV_Y</name></member>
    <member refid="_pozyx__definitions_8h_1a55d2397bd5221e680c74bd73b19f8b34" kind="define"><name>POZYX_GRAV_Z</name></member>
    <member refid="_pozyx__definitions_8h_1a91566f04226e6a71653499145239327d" kind="define"><name>POZYX_TEMPERATURE</name></member>
    <member refid="_pozyx__definitions_8h_1ac8a62faf5f53b41a2d5c9355484577a4" kind="define"><name>POZYX_DEVICE_LIST_SIZE</name></member>
    <member refid="_pozyx__definitions_8h_1a535743eaab5d0ea0871cfa9b11e329f0" kind="define"><name>POZYX_RX_NETWORK_ID</name></member>
    <member refid="_pozyx__definitions_8h_1a2d84f302dd6689c417d5603d9f4821b8" kind="define"><name>POZYX_RX_DATA_LEN</name></member>
    <member refid="_pozyx__definitions_8h_1a64dd4912aac0753292beebafb4910700" kind="define"><name>POZYX_GPIO1</name></member>
    <member refid="_pozyx__definitions_8h_1acfa16d4f034c0e0fb275d7d2755abe9e" kind="define"><name>POZYX_GPIO2</name></member>
    <member refid="_pozyx__definitions_8h_1a6269995a728bfa03c927ead7774e8612" kind="define"><name>POZYX_GPIO3</name></member>
    <member refid="_pozyx__definitions_8h_1ad23002c58c054de8eb2f08c9001d6b49" kind="define"><name>POZYX_GPIO4</name></member>
    <member refid="_pozyx__definitions_8h_1a6681f73d9785a3bc570f58e0ac38fc7b" kind="define"><name>POZYX_RESET_SYS</name></member>
    <member refid="_pozyx__definitions_8h_1a846edcecc3d62100f53b8c7b108c96d2" kind="define"><name>POZYX_LED_CTRL</name></member>
    <member refid="_pozyx__definitions_8h_1aee47ac1bd7d95ab1670034cf8d307f63" kind="define"><name>POZYX_TX_DATA</name></member>
    <member refid="_pozyx__definitions_8h_1a93d384a0b3b5a9b876e7acc69795d579" kind="define"><name>POZYX_TX_SEND</name></member>
    <member refid="_pozyx__definitions_8h_1a47e1d35d9c8288210fd582c25289fdd1" kind="define"><name>POZYX_RX_DATA</name></member>
    <member refid="_pozyx__definitions_8h_1aa33c5648a709cc597439efe6189f77c7" kind="define"><name>POZYX_DO_RANGING</name></member>
    <member refid="_pozyx__definitions_8h_1ad6cb355b81b0f73226259bb3323c9fc9" kind="define"><name>POZYX_DO_POSITIONING</name></member>
    <member refid="_pozyx__definitions_8h_1ac7a953692a7bd6093b4d8d6fcc81cdc8" kind="define"><name>POZYX_POS_SET_ANCHOR_IDS</name></member>
    <member refid="_pozyx__definitions_8h_1a1ee73381932b11b3c3b1efb83ea8d939" kind="define"><name>POZYX_POS_GET_ANCHOR_IDS</name></member>
    <member refid="_pozyx__definitions_8h_1a67dbab5560e9417239dd7b3206157c69" kind="define"><name>POZYX_FLASH_RESET</name></member>
    <member refid="_pozyx__definitions_8h_1ae96e19eb828b7f83e67a2eb6621e8a27" kind="define"><name>POZYX_FLASH_SAVE</name></member>
    <member refid="_pozyx__definitions_8h_1a02e831e11b7a285f76409820ebb7afc5" kind="define"><name>POZYX_FLASH_DETAILS</name></member>
    <member refid="_pozyx__definitions_8h_1a6df824217a44c03882fb8abed6407ab2" kind="define"><name>POZYX_DEVICES_GETIDS</name></member>
    <member refid="_pozyx__definitions_8h_1a11ec0382d6437de79d29ad929e52a12e" kind="define"><name>POZYX_DEVICES_DISCOVER</name></member>
    <member refid="_pozyx__definitions_8h_1a562aa3787bf654d080cce93e599b7475" kind="define"><name>POZYX_DEVICES_CALIBRATE</name></member>
    <member refid="_pozyx__definitions_8h_1a8163e172c543f422cd4e3c259b866463" kind="define"><name>POZYX_DEVICES_CLEAR</name></member>
    <member refid="_pozyx__definitions_8h_1a74ee5cc1c30e5b564786e536564e2a40" kind="define"><name>POZYX_DEVICE_ADD</name></member>
    <member refid="_pozyx__definitions_8h_1aaa59a1966ec54218bd55eb648fd07770" kind="define"><name>POZYX_DEVICE_GETINFO</name></member>
    <member refid="_pozyx__definitions_8h_1a770cc3ebea27713481a41f7931c5359b" kind="define"><name>POZYX_DEVICE_GETCOORDS</name></member>
    <member refid="_pozyx__definitions_8h_1ab2d75003422a70dfbf45f5b320f47e26" kind="define"><name>POZYX_DEVICE_GETRANGEINFO</name></member>
    <member refid="_pozyx__definitions_8h_1ad3c6fa22bfc9167c9512f2142172edb8" kind="define"><name>POZYX_CIR_DATA</name></member>
    <member refid="_pozyx__definitions_8h_1a3e70356c9d238de010465735d3e0c50d" kind="define"><name>IS_REG_READABLE</name></member>
    <member refid="_pozyx__definitions_8h_1a47b3c8f0b1a9984662710f2548ac0348" kind="define"><name>IS_REG_WRITABLE</name></member>
    <member refid="_pozyx__definitions_8h_1ae0e360602bd361f7f049b4375a0d0748" kind="define"><name>IS_FUNCTIONCALL</name></member>
    <member refid="_pozyx__definitions_8h_1a6c0eab70ec76778e9a550a30102218a9" kind="define"><name>POZYX_ST_RESULT_ACC</name></member>
    <member refid="_pozyx__definitions_8h_1a4f13ab3506b5ac3dbb928ee0aff44f8e" kind="define"><name>POZYX_ST_RESULT_MAGN</name></member>
    <member refid="_pozyx__definitions_8h_1a48289fe96518b6db02118de86dc53740" kind="define"><name>POZYX_ST_RESULT_GYR</name></member>
    <member refid="_pozyx__definitions_8h_1a17069e9f4aff8dc61cc31fde1182269b" kind="define"><name>POZYX_ST_RESULT_MCU</name></member>
    <member refid="_pozyx__definitions_8h_1a22bee76c01b2fd501a56c19ba4703544" kind="define"><name>POZYX_ST_RESULT_PRES</name></member>
    <member refid="_pozyx__definitions_8h_1a22d3002d9fd894c3307af18974eeaec8" kind="define"><name>POZYX_ST_RESULT_UWB</name></member>
    <member refid="_pozyx__definitions_8h_1a07cffdbd09ebd81c7463a1e9c5521946" kind="define"><name>POZYX_INT_STATUS_ERR</name></member>
    <member refid="_pozyx__definitions_8h_1a048d311aa3d0be6a900394b7d032efed" kind="define"><name>POZYX_INT_STATUS_POS</name></member>
    <member refid="_pozyx__definitions_8h_1a61d0e83e9bb9841bb82805998d149f26" kind="define"><name>POZYX_INT_STATUS_IMU</name></member>
    <member refid="_pozyx__definitions_8h_1abfd293c41db9ffe65bb85f0f1bdccdf8" kind="define"><name>POZYX_INT_STATUS_RX_DATA</name></member>
    <member refid="_pozyx__definitions_8h_1accffa569bd1d710ff28fe1d7f2ee1bf8" kind="define"><name>POZYX_INT_STATUS_FUNC</name></member>
    <member refid="_pozyx__definitions_8h_1a7b4d13c90f0ea1ca87b00a3b73430a03" kind="define"><name>POZYX_INT_MASK_ERR</name></member>
    <member refid="_pozyx__definitions_8h_1ac44fb524d7f24a0efb90ac2939d7d71d" kind="define"><name>POZYX_INT_MASK_POS</name></member>
    <member refid="_pozyx__definitions_8h_1add38f764c047f0baa7c668f6366d5703" kind="define"><name>POZYX_INT_MASK_IMU</name></member>
    <member refid="_pozyx__definitions_8h_1a0c11b24d009ef6afcbe047a92f260ebe" kind="define"><name>POZYX_INT_MASK_RX_DATA</name></member>
    <member refid="_pozyx__definitions_8h_1a45e046522f52f4d41c2e0ebcd0c14c84" kind="define"><name>POZYX_INT_MASK_FUNC</name></member>
    <member refid="_pozyx__definitions_8h_1a4c1dafee7b181ccd3aaf17f08d7662c4" kind="define"><name>POZYX_INT_MASK_TDMA</name></member>
    <member refid="_pozyx__definitions_8h_1a86e4f0fe3ceaa0968650fa92e3ba6260" kind="define"><name>POZYX_INT_MASK_PIN</name></member>
    <member refid="_pozyx__definitions_8h_1a323d5db7e583c5d78dc9ae1bb66b6e8c" kind="define"><name>POZYX_POS_ALG_UWB_ONLY</name></member>
    <member refid="_pozyx__definitions_8h_1afba6580cbdf81109115835e25310c07e" kind="define"><name>POZYX_POS_ALG_LS</name></member>
    <member refid="_pozyx__definitions_8h_1a57446c42f06e85b932e69dafb86e1d92" kind="define"><name>POZYX_POS_ALG_TRACKING</name></member>
    <member refid="_pozyx__definitions_8h_1a90899b60012ca8d80179b4487d973137" kind="define"><name>FILTER_TYPE_NONE</name></member>
    <member refid="_pozyx__definitions_8h_1a0720f77bc3dc2799a590c5d9c26124a3" kind="define"><name>FILTER_TYPE_FIR</name></member>
    <member refid="_pozyx__definitions_8h_1a9332400a089b788042ee510a1e0aa7e7" kind="define"><name>FILTER_TYPE_MOVINGAVERAGE</name></member>
    <member refid="_pozyx__definitions_8h_1a9722f7039120e551c0aa2b0a3fb7386d" kind="define"><name>FILTER_TYPE_MOVINGMEDIAN</name></member>
    <member refid="_pozyx__definitions_8h_1aedbbe90b3b5bd71b178f5e3a0e7180d3" kind="define"><name>POZYX_RANGE_PROTOCOL_PRECISION</name></member>
    <member refid="_pozyx__definitions_8h_1a8fd7b7a47fb710fe6e2a1a9d3d4bf65e" kind="define"><name>POZYX_RANGE_PROTOCOL_FAST</name></member>
    <member refid="_pozyx__definitions_8h_1ac647ec526a6c0f0870ffabd1bfb57bc3" kind="define"><name>POZYX_RANGE_PROTOCOL_TEST</name></member>
    <member refid="_pozyx__definitions_8h_1a0e10160059da82a91ac8132553e99d8e" kind="define"><name>POZYX_LED_CTRL_LED1</name></member>
    <member refid="_pozyx__definitions_8h_1a52c5a995ac3b32ae187627d823ed2f27" kind="define"><name>POZYX_LED_CTRL_LED2</name></member>
    <member refid="_pozyx__definitions_8h_1a825c33ff29b74a2333d6239dc5f874c4" kind="define"><name>POZYX_LED_CTRL_LED3</name></member>
    <member refid="_pozyx__definitions_8h_1a15c44b37e10a024410b9e57d819f9941" kind="define"><name>POZYX_LED_CTRL_LED4</name></member>
    <member refid="_pozyx__definitions_8h_1af47344ba0be9459806d84b1c06ba85d3" kind="define"><name>POZYX_TYPE</name></member>
    <member refid="_pozyx__definitions_8h_1ab450925adca0562eaf8d7721b7680e36" kind="define"><name>POZYX_ANCHOR</name></member>
    <member refid="_pozyx__definitions_8h_1a3f2ad54e56af48fb935e1890116d3ab8" kind="define"><name>POZYX_TAG</name></member>
    <member refid="_pozyx__definitions_8h_1a7244ab798f58214294b580ca0bb48552" kind="define"><name>MAX_BUF_SIZE</name></member>
    <member refid="_pozyx__definitions_8h_1a4f8d4e7ea781553e473ed6199112da45" kind="define"><name>POZYX_INT_MASK_ALL</name></member>
    <member refid="_pozyx__definitions_8h_1acb85ab097ea01436ae1ea3b1a463eb90" kind="define"><name>POZYX_DELAY_LOCAL_WRITE</name></member>
    <member refid="_pozyx__definitions_8h_1a133636f5481958a2421f3bda0b4c8b62" kind="define"><name>POZYX_DELAY_LOCAL_FUNCTION</name></member>
    <member refid="_pozyx__definitions_8h_1a287375ef05e1a728853427682d805dba" kind="define"><name>POZYX_DELAY_REMOTE_WRITE</name></member>
    <member refid="_pozyx__definitions_8h_1a05bff13cd63b91eb95e9695bfb8e7c32" kind="define"><name>POZYX_DELAY_REMOTE_FUNCTION</name></member>
    <member refid="_pozyx__definitions_8h_1ab3bd326dd06121533fab4166279aad6e" kind="define"><name>POZYX_DELAY_INTERRUPT</name></member>
    <member refid="_pozyx__definitions_8h_1a0fda3cf7b8359460f6e2850960c0cd2c" kind="define"><name>POZYX_DELAY_CALIBRATION</name></member>
    <member refid="_pozyx__definitions_8h_1ac822bbf1a25fb85a9a9671f3a794c17f" kind="define"><name>POZYX_FAILURE</name></member>
    <member refid="_pozyx__definitions_8h_1ad7d6663746be12398c26497b86a5925e" kind="define"><name>POZYX_SUCCESS</name></member>
    <member refid="_pozyx__definitions_8h_1a945acc4e445b8feb7dfbdf227ad8dda3" kind="define"><name>POZYX_TIMEOUT</name></member>
    <member refid="_pozyx__definitions_8h_1aac0161672d3b0733f910e8a5151f4afd" kind="define"><name>POZYX_3D</name></member>
    <member refid="_pozyx__definitions_8h_1ad4293bda2d6f890f8d916680aa51e9f5" kind="define"><name>POZYX_2D</name></member>
    <member refid="_pozyx__definitions_8h_1a53282e67a7053adf7ef7064a8447b2da" kind="define"><name>POZYX_2_5D</name></member>
    <member refid="_pozyx__definitions_8h_1acb4a6e3f633b4725d8e02ddfe8be1a6a" kind="define"><name>POZYX_INT_PIN0</name></member>
    <member refid="_pozyx__definitions_8h_1accbf30f50d2d3b1f265dc8f2817ba8bd" kind="define"><name>POZYX_INT_PIN1</name></member>
    <member refid="_pozyx__definitions_8h_1a90b7ae9cbc62159017f920d23bb63c89" kind="define"><name>POZYX_LED_CTRL_LEDRX</name></member>
    <member refid="_pozyx__definitions_8h_1a7a99d49cf1a32475fd37d058c40cca03" kind="define"><name>POZYX_LED_CTRL_LEDTX</name></member>
    <member refid="_pozyx__definitions_8h_1a399fea0b6a783cda5447f359d3988a9a" kind="define"><name>POZYX_ANCHOR_MODE</name></member>
    <member refid="_pozyx__definitions_8h_1a4fe59c3707d087748e47b865488ba24d" kind="define"><name>POZYX_TAG_MODE</name></member>
    <member refid="_pozyx__definitions_8h_1a2c769de44a12905dda5350b4c085bf51" kind="define"><name>POZYX_GPIO_DIGITAL_INPUT</name></member>
    <member refid="_pozyx__definitions_8h_1a2a88927aba7f763bb133b0c82236b538" kind="define"><name>POZYX_GPIO_PUSHPULL</name></member>
    <member refid="_pozyx__definitions_8h_1a3448f2b15f2d90d35ada35141709efb0" kind="define"><name>POZYX_GPIO_OPENDRAIN</name></member>
    <member refid="_pozyx__definitions_8h_1af219f0b0b9073acd1b397e0ae9abdb0e" kind="define"><name>POZYX_GPIO_NOPULL</name></member>
    <member refid="_pozyx__definitions_8h_1aa6aa6f997e23331bacf22d61c35c9bf4" kind="define"><name>POZYX_GPIO_PULLUP</name></member>
    <member refid="_pozyx__definitions_8h_1af308c9597e3a586069ba741da3951899" kind="define"><name>POZYX_GPIO_PULLDOWN</name></member>
    <member refid="_pozyx__definitions_8h_1aa0625ea1fa2c0d24436e3f1ad45dcb06" kind="define"><name>POZYX_ANCHOR_SEL_MANUAL</name></member>
    <member refid="_pozyx__definitions_8h_1a9dc67362b0d1dd2c2681228377d3e26d" kind="define"><name>POZYX_ANCHOR_SEL_AUTO</name></member>
    <member refid="_pozyx__definitions_8h_1aaf8b8a370641b5c75bdcbb3b76567ab6" kind="define"><name>POZYX_DISCOVERY_ANCHORS_ONLY</name></member>
    <member refid="_pozyx__definitions_8h_1aa4930276a621144b07085484d8c49f07" kind="define"><name>POZYX_DISCOVERY_TAGS_ONLY</name></member>
    <member refid="_pozyx__definitions_8h_1a3170131dfc671cd4a4f4e6fd5677ecc5" kind="define"><name>POZYX_DISCOVERY_ALL_DEVICES</name></member>
    <member refid="_pozyx__definitions_8h_1aafaaa4dd5a9f2d13dbffd7e96de81600" kind="define"><name>MODE_POLLING</name></member>
    <member refid="_pozyx__definitions_8h_1a8d77eb431b083266c7296180fa80f238" kind="define"><name>MODE_INTERRUPT</name></member>
    <member refid="_pozyx__definitions_8h_1a364dd4106755dec43f13bad863fb6493" kind="define"><name>POZYX_POS_DIV_MM</name></member>
    <member refid="_pozyx__definitions_8h_1a8880296c3a872f003992fdf90bd5b3d7" kind="define"><name>POZYX_PRESS_DIV_PA</name></member>
    <member refid="_pozyx__definitions_8h_1a21fd7cc96b2f6ac0c3ea14284d03c9b3" kind="define"><name>POZYX_ACCEL_DIV_MG</name></member>
    <member refid="_pozyx__definitions_8h_1a9457bfb66415f1a852cdb6a7ca3d704b" kind="define"><name>POZYX_GYRO_DIV_DPS</name></member>
    <member refid="_pozyx__definitions_8h_1abe55f9c6f78414b62aca91dbded39ce9" kind="define"><name>POZYX_MAG_DIV_UT</name></member>
    <member refid="_pozyx__definitions_8h_1aab30d22d9a206563e33b63e581b003ef" kind="define"><name>POZYX_EULER_DIV_DEG</name></member>
    <member refid="_pozyx__definitions_8h_1a773654471c7b129dff7dd5902d937ddc" kind="define"><name>POZYX_QUAT_DIV</name></member>
    <member refid="_pozyx__definitions_8h_1ae396dbd8952d2514a663fcbbd8845212" kind="define"><name>POZYX_TEMP_DIV_CELSIUS</name></member>
    <member refid="_pozyx__definitions_8h_1a7e6775511d9c5ee345c22af70cf2bead" kind="define"><name>POZYX_ERROR_NONE</name></member>
    <member refid="_pozyx__definitions_8h_1a20116c465fcd0168ee536a107316ca44" kind="define"><name>POZYX_ERROR_I2C_WRITE</name></member>
    <member refid="_pozyx__definitions_8h_1a99e1f43376c172c187b04a3c8de965e7" kind="define"><name>POZYX_ERROR_I2C_CMDFULL</name></member>
    <member refid="_pozyx__definitions_8h_1a0c58f84f46047bbb63a6387a204266ac" kind="define"><name>POZYX_ERROR_ANCHOR_ADD</name></member>
    <member refid="_pozyx__definitions_8h_1a768b40cc98eb38690469fb2e437ea117" kind="define"><name>POZYX_ERROR_COMM_QUEUE_FULL</name></member>
    <member refid="_pozyx__definitions_8h_1ab4a5e5f1795036f5f34107f3da95e1ac" kind="define"><name>POZYX_ERROR_I2C_READ</name></member>
    <member refid="_pozyx__definitions_8h_1a7ee2e6ff2da4b5544268c9bf939ac564" kind="define"><name>POZYX_ERROR_UWB_CONFIG</name></member>
    <member refid="_pozyx__definitions_8h_1a1995d1ba34086cf2486fd8ec8b2584fe" kind="define"><name>POZYX_ERROR_OPERATION_QUEUE_FULL</name></member>
    <member refid="_pozyx__definitions_8h_1a5578e09690cbc61eda6db38041b5adb5" kind="define"><name>POZYX_ERROR_TDMA</name></member>
    <member refid="_pozyx__definitions_8h_1ad31c7d9fe1eec5ae9e01928f45b587ff" kind="define"><name>POZYX_ERROR_STARTUP_BUSFAULT</name></member>
    <member refid="_pozyx__definitions_8h_1a658eb38058e795ae4aa8208360a20b66" kind="define"><name>POZYX_ERROR_FLASH_INVALID</name></member>
    <member refid="_pozyx__definitions_8h_1a44d5dd9c53ee89143026981063d676e6" kind="define"><name>POZYX_ERROR_NOT_ENOUGH_ANCHORS</name></member>
    <member refid="_pozyx__definitions_8h_1a114cc770cf8f516a97e7021aa9fd492f" kind="define"><name>POZYX_ERROR_DISCOVERY</name></member>
    <member refid="_pozyx__definitions_8h_1af35839a6682ec1b1dda98cb8eba5a525" kind="define"><name>POZYX_ERROR_CALIBRATION</name></member>
    <member refid="_pozyx__definitions_8h_1ae3093ebd2e3c32291377c4d964d8ec3d" kind="define"><name>POZYX_ERROR_FUNC_PARAM</name></member>
    <member refid="_pozyx__definitions_8h_1a3ce4eaf54cebd3e21f834f071fffd641" kind="define"><name>POZYX_ERROR_ANCHOR_NOT_FOUND</name></member>
    <member refid="_pozyx__definitions_8h_1a1218cb16fce681f7b4cc2d1e39ed1d73" kind="define"><name>POZYX_ERROR_FLASH</name></member>
    <member refid="_pozyx__definitions_8h_1a26900cc94f83f9921882dd224d10b0a0" kind="define"><name>POZYX_ERROR_MEMORY</name></member>
    <member refid="_pozyx__definitions_8h_1a1e2166787251ad98cf6991160e67a754" kind="define"><name>POZYX_ERROR_RANGING</name></member>
    <member refid="_pozyx__definitions_8h_1a32c48d7fe53e3bebdf0a355a89460472" kind="define"><name>POZYX_ERROR_RTIMEOUT1</name></member>
    <member refid="_pozyx__definitions_8h_1a9f9153304ead9f67eee184a4ee3555f7" kind="define"><name>POZYX_ERROR_RTIMEOUT2</name></member>
    <member refid="_pozyx__definitions_8h_1a7d7d4e2c6a3a2110d11ac7a729da3ceb" kind="define"><name>POZYX_ERROR_TXLATE</name></member>
    <member refid="_pozyx__definitions_8h_1a326e3e8bae2e43182a690979dda7c5ef" kind="define"><name>POZYX_ERROR_UWB_BUSY</name></member>
    <member refid="_pozyx__definitions_8h_1a8fb55d281ef44c8a94003226cff26623" kind="define"><name>POZYX_ERROR_POSALG</name></member>
    <member refid="_pozyx__definitions_8h_1aaf3294e7fbe80b7cfe48c83800af4cf1" kind="define"><name>POZYX_ERROR_NOACK</name></member>
    <member refid="_pozyx__definitions_8h_1a6864d93cbce9063d7da03b8fddd4d5b5" kind="define"><name>POZYX_ERROR_SNIFF_OVERFLOW</name></member>
    <member refid="_pozyx__definitions_8h_1a92e5cda343727751d942136ec7705a54" kind="define"><name>POZYX_ERROR_NO_PPS</name></member>
    <member refid="_pozyx__definitions_8h_1a70175686910722dc2c73abd4255c5a05" kind="define"><name>POZYX_ERROR_NEW_TASK</name></member>
    <member refid="_pozyx__definitions_8h_1adb4a848f509999a532ee0806d2e0862f" kind="define"><name>POZYX_ERROR_UNRECDEV</name></member>
    <member refid="_pozyx__definitions_8h_1af4194dea98d35065b1ddf4d79d153829" kind="define"><name>POZYX_ERROR_GENERAL</name></member>
    <member refid="_pozyx__definitions_8h_1a7ff8d0d00e4aaf3f9d2e2119926780e9" kind="define"><name>POZYX_FLASH_REGS</name></member>
    <member refid="_pozyx__definitions_8h_1ac71959bd8d24fffa8fa73a492cae62e7" kind="define"><name>POZYX_FLASH_ANCHOR_IDS</name></member>
    <member refid="_pozyx__definitions_8h_1a03219e6997b604c65c6df81db4a1fe54" kind="define"><name>POZYX_FLASH_NETWORK</name></member>
    <member refid="_pozyx__definitions_8h_1ab1934889333cf4657924683a2a0eb31d" kind="define"><name>PIN_MODE_PUSHPULL</name></member>
    <member refid="_pozyx__definitions_8h_1ae397a62cb15b4e5927a836f9043905fa" kind="define"><name>PIN_ACTIVE_LOW</name></member>
    <member refid="_pozyx__definitions_8h_1ab06ccdead13d48b3400809cda8354e26" kind="define"><name>PIN_ACTIVE_HIGH</name></member>
  </compound>
  <compound refid="_pozyx__lib_8cpp" kind="file"><name>Pozyx_lib.cpp</name>
    <member refid="_pozyx__lib_8cpp_1a7a137bc6ca91e31c58aba94f3818b10d" kind="variable"><name>__file</name></member>
    <member refid="_pozyx__lib_8cpp_1a95cbd5c9109412a275911ede83c73654" kind="variable"><name>__lineno</name></member>
    <member refid="_pozyx__lib_8cpp_1a057bb646329ce2fa7b8cc34e12628fea" kind="function"><name>__attribute__</name></member>
  </compound>
  <compound refid="_r_e_a_d_m_e_8md" kind="file"><name>README.md</name>
  </compound>
  <compound refid="group__core" kind="group"><name>core</name>
    <member refid="group__core_1ga9e093f0461a60c4075647d1917b0589a" kind="function"><name>remoteRegFunctionWithoutCheck</name></member>
    <member refid="group__core_1ga4cd1d89a1534c50604d8a5875373dd12" kind="function"><name>waitForFlag</name></member>
    <member refid="group__core_1ga0cad29680b4e3a0c443c30761a947b83" kind="function"><name>begin</name></member>
    <member refid="group__core_1ga885a1cbe432b93aa7107547b57b086aa" kind="function"><name>getRead</name></member>
    <member refid="group__core_1ga0f403c525576e80ac3f32ac83d6cfba6" kind="function"><name>setWrite</name></member>
    <member refid="group__core_1gadab19b087724c3f5d9bac2b7f37960a0" kind="function"><name>useFunction</name></member>
  </compound>
  <compound refid="group__communication__functions" kind="group"><name>Communication_functions</name>
    <member refid="group__communication__functions_1ga29050eb9e12179b084b4f3fc5e8e7fa4" kind="function"><name>sendData</name></member>
    <member refid="group__communication__functions_1ga225e4a2f67bb89fb4d212c458c8ebaad" kind="function"><name>writeTXBufferData</name></member>
    <member refid="group__communication__functions_1gaf19e819167efc22337dd4d1b4c3a008f" kind="function"><name>sendTXBufferData</name></member>
    <member refid="group__communication__functions_1gadb46aa57dde9068f0a4d77b5f13326e4" kind="function"><name>readRXBufferData</name></member>
    <member refid="group__communication__functions_1gaf12ab7871238655d94d2dff47f862d7b" kind="function"><name>getLastNetworkId</name></member>
    <member refid="group__communication__functions_1gade1d3c8328fb4824fee67f6a9e293048" kind="function"><name>getLastDataLength</name></member>
    <member refid="group__communication__functions_1gadbe022f756c0f94492447e9d174309b3" kind="function"><name>getNetworkId</name></member>
    <member refid="group__communication__functions_1ga2cea6b1a80fce5bf7a9897efd04bde81" kind="function"><name>setNetworkId</name></member>
    <member refid="group__communication__functions_1gaa6251a69252cbeae44a3500837f39c84" kind="function"><name>getUWBSettings</name></member>
    <member refid="group__communication__functions_1ga952c2c68db0b6fba1b1ba196a3db0d6e" kind="function"><name>setUWBSettings</name></member>
    <member refid="group__communication__functions_1ga84bf963d6bc3e6edc3b00b5fe9be9afe" kind="function"><name>setUWBSettingsExceptGain</name></member>
    <member refid="group__communication__functions_1ga17bea516300c6de7fe272840fd241438" kind="function"><name>setUWBChannel</name></member>
    <member refid="group__communication__functions_1ga853c7e76e5510432be94c3bc75fc9a12" kind="function"><name>getUWBChannel</name></member>
    <member refid="group__communication__functions_1gae75bc774ba8308025a8dc20dd3ef4398" kind="function"><name>setTxPower</name></member>
    <member refid="group__communication__functions_1ga5320c7377e7479f39b76d44f40cd3540" kind="function"><name>getTxPower</name></member>
  </compound>
  <compound refid="group__system__functions" kind="group"><name>System_functions</name>
    <member refid="group__system__functions_1gaffde943f1921b1ba0f437ce95f56b96f" kind="function"><name>getWhoAmI</name></member>
    <member refid="group__system__functions_1gaf3093e564d3835f8754e9cc28cb9a48c" kind="function"><name>getFirmwareVersion</name></member>
    <member refid="group__system__functions_1ga895e9594b285a0f23214c81e9d30b91c" kind="function"><name>getHardwareVersion</name></member>
    <member refid="group__system__functions_1ga86f8b2fd2562db79bdf352ca46152719" kind="function"><name>getSelftest</name></member>
    <member refid="group__system__functions_1ga285bc9305004b9119a0fd8266ab08200" kind="function"><name>getErrorCode</name></member>
    <member refid="group__system__functions_1ga76d383a705dd806cc95b38d23c07e326" kind="function"><name>getInterruptStatus</name></member>
    <member refid="group__system__functions_1ga8b200afdb4d42fe806d7d49af1c37f36" kind="function"><name>getCalibrationStatus</name></member>
    <member refid="group__system__functions_1ga0ba68964f3f4b595666e79609fecbe3b" kind="function"><name>getGPIO</name></member>
    <member refid="group__system__functions_1ga200ea9ae04f0b5fa243c8ef51395e19c" kind="function"><name>setGPIO</name></member>
    <member refid="group__system__functions_1gaf061e892b42c49c9fb757b576517dc79" kind="function"><name>resetSystem</name></member>
    <member refid="group__system__functions_1gadc6e6fc23f97ac78e364e9aed5f6f482" kind="function"><name>setLed</name></member>
    <member refid="group__system__functions_1ga43de1df64bc9de209fceb0cd10a758d3" kind="function"><name>getInterruptMask</name></member>
    <member refid="group__system__functions_1ga52fb95d19ffe5dee60bbe0c0617f49e5" kind="function"><name>setInterruptMask</name></member>
    <member refid="group__system__functions_1gaefd634e8e7429ff0bd0a31809e1d8315" kind="function"><name>getConfigModeGPIO</name></member>
    <member refid="group__system__functions_1ga96ff15d44a1d7473d2e2ad46f5a8b513" kind="function"><name>getConfigPullGPIO</name></member>
    <member refid="group__system__functions_1gad03adc2ff6c500597c603062567cbe2f" kind="function"><name>setConfigGPIO</name></member>
    <member refid="group__system__functions_1ga68c4c11cffc3dd13be1d7644e7c21e46" kind="function"><name>setLedConfig</name></member>
    <member refid="group__system__functions_1ga676e273b3119e9d83f96b36909c9033c" kind="function"><name>configInterruptPin</name></member>
    <member refid="group__system__functions_1ga32df3976a9da4ad34996c6e3d5beafac" kind="function"><name>saveConfiguration</name></member>
    <member refid="group__system__functions_1gaa5a7bdd8aefca8b397273bf71dc05b38" kind="function"><name>saveRegisters</name></member>
    <member refid="group__system__functions_1ga1752085446546dad185ca06d66587f58" kind="function"><name>saveNetwork</name></member>
    <member refid="group__system__functions_1gaf14bf7f3af9872ee5a65e295a22925de" kind="function"><name>saveAnchorIds</name></member>
    <member refid="group__system__functions_1ga59e825f3bf85e0705af28fee7d216c9d" kind="function"><name>saveUWBSettings</name></member>
    <member refid="group__system__functions_1ga119d86f9d9488396a3baad6a0b1f9564" kind="function"><name>clearConfiguration</name></member>
    <member refid="group__system__functions_1gaadb3265c0ef8f1511c351046b3262f7e" kind="function"><name>isRegisterSaved</name></member>
    <member refid="group__system__functions_1ga93b4780f24c486f1d2e5f9b7a665fcba" kind="function"><name>getNumRegistersSaved</name></member>
  </compound>
  <compound refid="group__positioning__functions" kind="group"><name>Positioning_functions</name>
    <member refid="group__positioning__functions_1ga4b8ff7242fde6a0db1bf05cf31fe447e" kind="function"><name>getCoordinates</name></member>
    <member refid="group__positioning__functions_1gaec7360ab64c1bef9699b21e8473658d1" kind="function"><name>setCoordinates</name></member>
    <member refid="group__positioning__functions_1ga1b16fa16ad0c15523488e7b7a69aaf79" kind="function"><name>getPositionError</name></member>
    <member refid="group__positioning__functions_1ga6b4d059335356e89fdc0d206c95c6f94" kind="function"><name>setPositioningAnchorIds</name></member>
    <member refid="group__positioning__functions_1ga4916badd5a879160bff75be96e94badb" kind="function"><name>getPositioningAnchorIds</name></member>
    <member refid="group__positioning__functions_1ga28a08ffb669f5a3d5ec2e0caf73f0173" kind="function"><name>getUpdateInterval</name></member>
    <member refid="group__positioning__functions_1gaee35fc368f4d56c36d9b6f594ab34323" kind="function"><name>setUpdateInterval</name></member>
    <member refid="group__positioning__functions_1ga882f3c5f42513cd31ac25768d21dc86c" kind="function"><name>getRangingProtocol</name></member>
    <member refid="group__positioning__functions_1gad720385d709c85fe83d254d8f8090f21" kind="function"><name>setRangingProtocol</name></member>
    <member refid="group__positioning__functions_1ga19b1738d0cf2658f72f79bf2b64181f5" kind="function"><name>getPositionFilterStrength</name></member>
    <member refid="group__positioning__functions_1ga8e234029c68c35a40d0bab9d4310241c" kind="function"><name>getPositionFilterType</name></member>
    <member refid="group__positioning__functions_1ga141f3425b5d61c0f3cac39c249c8dc3a" kind="function"><name>setPositionFilter</name></member>
    <member refid="group__positioning__functions_1ga40dcc956c7ced34e975fb3df4a3f855a" kind="function"><name>getPositionAlgorithm</name></member>
    <member refid="group__positioning__functions_1gac4c5796e0893435c23ec3ae42ef9dff2" kind="function"><name>getPositionDimension</name></member>
    <member refid="group__positioning__functions_1gad4b32f732bc6fd94e784a8537464f7ac" kind="function"><name>setPositionAlgorithm</name></member>
    <member refid="group__positioning__functions_1gaaef0649bc661ebf84c7a23cfac844e5a" kind="function"><name>getAnchorSelectionMode</name></member>
    <member refid="group__positioning__functions_1ga31d624e2740311fd46d3354d31f1b9f7" kind="function"><name>getNumberOfAnchors</name></member>
    <member refid="group__positioning__functions_1ga41fc706bd9ffba1d8483cdbeb01d1a75" kind="function"><name>setSelectionOfAnchors</name></member>
    <member refid="group__positioning__functions_1ga693d7983f8c27ed279cf7e257d07a60d" kind="function"><name>getOperationMode</name></member>
    <member refid="group__positioning__functions_1ga7ca6dcb9668784e428e435ebbc89ea2a" kind="function"><name>setOperationMode</name></member>
    <member refid="group__positioning__functions_1ga9e3985c70357d78589da57441b94c387" kind="function"><name>getSystemError</name></member>
    <member refid="group__positioning__functions_1gacee7c418820028dcc400eccb3e5bbbbe" kind="function"><name>doPositioning</name></member>
    <member refid="group__positioning__functions_1ga09f3f1c1d371f9c2733289843d267597" kind="function"><name>doPositioning</name></member>
    <member refid="group__positioning__functions_1ga36888bbf13339ed34d6250be34b4e53f" kind="function"><name>doRemotePositioning</name></member>
    <member refid="group__positioning__functions_1ga4a51e3d3be70d10922e2b5b828b731e0" kind="function"><name>doRemotePositioning</name></member>
    <member refid="group__positioning__functions_1ga462352b5d2360ab4bc164ed1af564a03" kind="function"><name>doRanging</name></member>
    <member refid="group__positioning__functions_1ga607a4dcf6d2216afaad4cac1f481e629" kind="function"><name>doRemoteRanging</name></member>
    <member refid="group__positioning__functions_1gac9b20a33dfa4c5917c5134b768d6ba0b" kind="function"><name>getDeviceRangeInfo</name></member>
  </compound>
  <compound refid="group__sensor__data" kind="group"><name>sensor_data</name>
    <member refid="group__sensor__data_1ga2125f38273179faa58ce15b88775d245" kind="function"><name>getSensorMode</name></member>
    <member refid="group__sensor__data_1ga5ec67d77efc6833681645fd661d55d41" kind="function"><name>setSensorMode</name></member>
    <member refid="group__sensor__data_1ga3adf6096157564e8eacc394846693ce9" kind="function"><name>getRawSensorData</name></member>
    <member refid="group__sensor__data_1ga96f125c933bb1ebc31df18693bdfb08e" kind="function"><name>getAllSensorData</name></member>
    <member refid="group__sensor__data_1ga3926a9fe02aa9261b8d791b3a0a30ea9" kind="function"><name>getPressure_Pa</name></member>
    <member refid="group__sensor__data_1ga3a1fecdd51db3e57926a62e577979252" kind="function"><name>getMaxLinearAcceleration</name></member>
    <member refid="group__sensor__data_1ga67549041d5a4ffeba63242f33135ad0e" kind="function"><name>getAcceleration_mg</name></member>
    <member refid="group__sensor__data_1gafd6b4021601b896236f15589715d39c1" kind="function"><name>getMagnetic_uT</name></member>
    <member refid="group__sensor__data_1ga3e9fecefe9e1d2d79ef50c5bcb29b3b4" kind="function"><name>getAngularVelocity_dps</name></member>
    <member refid="group__sensor__data_1ga4c1015fcd60a841519d78eb2d5d5fa0e" kind="function"><name>getEulerAngles_deg</name></member>
    <member refid="group__sensor__data_1ga2341c56eda847eb8c103f07b51586f3d" kind="function"><name>getQuaternion</name></member>
    <member refid="group__sensor__data_1ga9655806bc0206261052552b683ee664d" kind="function"><name>getLinearAcceleration_mg</name></member>
    <member refid="group__sensor__data_1ga02f900f7b07df379c4a245726fa162cd" kind="function"><name>getGravityVector_mg</name></member>
    <member refid="group__sensor__data_1ga5a17d79a793ebaa2e0e53be76356c838" kind="function"><name>getTemperature_c</name></member>
  </compound>
  <compound refid="group__device__list" kind="group"><name>device_list</name>
    <member refid="group__device__list_1ga3b304a60d246f30bb89a31017978e6b4" kind="function"><name>getDeviceListSize</name></member>
    <member refid="group__device__list_1ga2606d4f50a13e31bbb7f75666774c622" kind="function"><name>getDeviceIds</name></member>
    <member refid="group__device__list_1ga792c8f5bc8a5e420a243cf39922974fd" kind="function"><name>getAnchorIds</name></member>
    <member refid="group__device__list_1ga2fbc8f498c8b58fce93fde945b124523" kind="function"><name>getTagIds</name></member>
    <member refid="group__device__list_1ga563ac8a8cae694f75fdcdaac9781b5cc" kind="function"><name>doDiscovery</name></member>
    <member refid="group__device__list_1ga6f1fc7881cd3556922eb140f2c6ef5b2" kind="function"><name>doAnchorCalibration</name></member>
    <member refid="group__device__list_1ga7ce8c358b99e9c1d3d67ca041d8919bc" kind="function"><name>clearDevices</name></member>
    <member refid="group__device__list_1gaa009179113eb5cea2260e025f2352576" kind="function"><name>addDevice</name></member>
    <member refid="group__device__list_1ga5a54f0d50b547d02c915464eca53e82f" kind="function"><name>getDeviceCoordinates</name></member>
  </compound>
  <compound refid="md_changelog" kind="page"><name>md_changelog</name>
  </compound>
  <compound refid="md__c_o_n_t_r_i_b_u_t_i_n_g" kind="page"><name>md_CONTRIBUTING</name>
  </compound>
  <compound refid="md__r_e_a_d_m_e" kind="page"><name>md_README</name>
  </compound>
</doxygenindex>
